battery_id,cycle,SOC_start,SOC_end,DoD,IR_ohm,QD_Ah,QC_Ah,V_mean_V,V_min_V,V_max_V,Tavg_C,Tmin_C,Tmax_C,chargetime_min,discharge_time_min,SOH,T_amb_K
BATT_EO_001,1,0.99,0.673761343046024,0.316238656953976,0.237986304783039,3.39574187136036,3.32782703393316,7.78210146150626,7.06489869316345,8.4,13.2713306115349,-10,31.7660359552784,54.1292027989246,34.4617561062707,0.998747609223637,263.15
BATT_EO_001,2,0.990000000000002,0.660384641706176,0.329615358293826,0.13989843710562,3.39078660080853,3.32297086879236,7.82714530024333,7.18512542516044,8.38130206589324,18.0243234080037,-2.798362872,31.7668906993295,55,35.8672321576296,0.997290176708392,271.15
BATT_EO_001,3,0.982192688912438,0.651117162858778,0.33107552605366,0.20027294790489,3.38641579459918,3.3186874787072,7.76163996581497,7.01169345108692,8.35420957079075,15.1293095891086,-10,31.7670382786939,55,35.9759864634725,0.996004645470348,263.15
BATT_EO_001,4,0.973355875167024,0.647730434180516,0.325625440986507,0.140401924539286,3.38193677525014,3.31429803974514,7.79498216665822,7.15548096145517,8.34532149027352,18.1814863829774,-2.786394834,31.7676247584964,55,35.3373902523792,0.994687286838277,271.15
BATT_EO_001,5,0.9704009679456,0.656664421754699,0.3137365461909,0.198806115016067,3.37762040833746,3.31006800017071,7.77478171304789,7.02080843574683,8.37416252031609,15.6985215471421,-9.974588441,31.7677612583745,55,34.003905903385,0.993417767158077,263.15
BATT_EO_001,6,0.979735784560693,0.661210737929344,0.318525046631348,0.140700701119067,3.37289491894154,3.30543702056271,7.82832458219126,7.18242640793195,8.38980612014173,18.380153545339,-2.771872896,31.7683656457378,55,34.4767859683136,0.992027917335746,271.15
BATT_EO_001,7,0.984727980124592,0.67293075532442,0.311797224800172,0.199991437761584,3.36837997291273,3.30101237345447,7.80809726457977,7.05298418322848,8.4,15.5383462595462,-9.959415596,31.7683656457378,53.8322800334965,33.7025525228326,0.990699992033155,263.15
BATT_EO_001,8,0.99,0.657246731437492,0.332753268562508,0.143026189692016,3.36368031691383,3.29640671057555,7.82144953936892,7.17122167839985,8.38060658959394,18.0347087257384,-2.772608244,31.7691331775394,55,35.9173885891459,0.989317740268772,271.15
BATT_EO_001,9,0.981658113460279,0.655334458422955,0.326323655037325,0.203428258079073,3.35940618559608,3.29221806188415,7.77303710706024,7.01087970074663,8.3761313115053,15.3752975202274,-9.958886756,31.7692754563005,55,35.1766016286175,0.988060642822375,263.15
BATT_EO_001,10,0.980162649488663,0.648036670880991,0.332125978607671,0.143915647194413,3.35502896181469,3.28792838257839,7.7980224813576,7.14904517090463,8.35515278189429,18.0763290774552,-2.763123534,31.7698603445945,55,35.7551799356775,0.986773224063143,271.15
BATT_EO_001,11,0.973299270054995,0.653284405794362,0.320014864260632,0.203824749921345,3.35090796263876,3.28388980338598,7.76665762897493,7.00340183248035,8.3726608985272,15.5684707578443,-9.941329251,31.7699884696988,55,34.4085000402281,0.985561165481987,263.15
BATT_EO_001,12,0.978940742927896,0.635830320354208,0.343110422573687,0.145702776608247,3.34677195370278,3.27983651462872,7.77070725732437,7.12062529803956,8.32076946910408,17.8525557215606,-2.760753195,31.7705584388756,55,36.8443896370005,0.984344692265524,271.15
BATT_EO_001,13,0.961911794362074,0.618658398910798,0.343253395451277,0.208433206573998,3.34325472057663,3.27638962616509,7.68217372729248,6.92629239248812,8.27056558718976,14.924095752797,-9.945466432,31.7706455567202,55,36.81692225,0.983310211934302,263.15
BATT_EO_001,14,0.945101250337709,0.619597841747289,0.325503408590419,0.145057710404497,3.33962082725268,3.27282841070763,7.72527746617677,7.08461070922474,8.27453449649552,18.2754815857791,-2.742039901,31.7711674236596,55,34.8761666497208,0.9822414197802,271.15
BATT_EO_001,15,0.946395105528348,0.629767910801726,0.316627194726622,0.205506661410832,3.33610114373925,3.26937912086446,7.70718655028718,6.94755897698461,8.30604646019561,15.7195419874043,-9.915891093,31.7712471985712,55,33.8893986449394,0.981206218746837,263.15
BATT_EO_001,16,0.956900907714181,0.635905447884825,0.320995459829356,0.145303966609092,3.3322298371554,3.26558524041229,7.76637270964381,7.11719617760423,8.3258377382702,18.4351471460686,-2.730876523,31.7717878965544,55,34.3190941197328,0.980067599163354,271.15
BATT_EO_001,17,0.963411834878361,0.635542831113145,0.327869003765216,0.208228614722297,3.32856767695303,3.26199632341397,7.72366847380288,6.95673012006571,8.32596862613823,15.4382127561613,-9.914547038,31.7718843508912,55,35.0141693263976,0.978990493221479,263.15
BATT_EO_001,18,0.963410850433553,0.63586074850262,0.327550101930933,0.146780746951319,3.32468467058304,3.25819097717138,7.76764152513754,7.11500492346504,8.32823357939872,18.2811248286515,-2.72809362,31.7724296136424,55,34.9404493895409,0.977848432524424,271.15
BATT_EO_001,19,0.964111364635341,0.641835579621374,0.322275785013967,0.20844500768352,3.32096210179832,3.25454285976235,7.73944929060778,6.96742482318096,8.34766037816767,15.6313596381664,-9.898911597,31.7725305317937,55,34.3389889855397,0.976753559352447,263.15
BATT_EO_001,20,0.970447865924542,0.638709631461315,0.331738234463227,0.14796900811237,3.31702011679161,3.25067971445578,7.776384701,7.11898134477438,8.33947071585089,18.2064896703113,-2.723045898,31.773083345825,55,35.305950915069,0.975594151997533,271.15
BATT_EO_001,21,0.967716267208489,0.642324384554362,0.325391882654127,0.210204374821259,3.31329942150151,3.24703343307148,7.74045480229196,6.96549441167382,8.35176177472549,15.5403637240964,-9.890191741,31.773186649224,55,34.5909421542095,0.974499829853386,263.15
BATT_EO_001,22,0.971696880399615,0.654146335900212,0.317550544499403,0.147510211882701,3.30914293881358,3.24296008003731,7.81278283347949,7.15026691670763,8.38959298079057,18.5631088147792,-2.703499476,31.7737529338806,55,33.7181451771152,0.973277334945171,271.15
BATT_EO_001,23,0.983916353464723,0.656570553399827,0.327345800064896,0.211760743772905,3.30509976891129,3.23899777353306,7.77708744751343,6.99307313591592,8.39853297369976,15.4972957783034,-9.879960109,31.7738855821196,55,34.7150971705369,0.972088167326849,263.15
BATT_EO_001,24,0.986741146697704,0.656901726040315,0.329839420657388,0.149562158839115,3.30079438719428,3.2347784994504,7.82321495352666,7.15381549395681,8.4,18.2902819147294,-2.704824413,31.7744713325547,55,34.9352131441088,0.970821878586554,271.15
BATT_EO_001,25,0.98750242565695,0.647175952667857,0.340326472989093,0.214858682006119,3.29691765992484,3.23097930672634,7.75535048826582,6.96937347285246,8.37228955639732,15.1761336655587,-9.87662249,31.7745975301551,55,36.000383188839,0.969681664683776,263.15
BATT_EO_001,26,0.978180267851786,0.65450090013137,0.323679367720417,0.149915505977189,3.2927713703449,3.22691594293801,7.8156633905875,7.14653240051792,8.39640556534731,18.4502609008471,-2.691323575,31.7751681346665,55,34.1986707016888,0.968462167748501,271.15
BATT_EO_001,27,0.985911476864674,0.653368184875007,0.332543291989666,0.214961556920804,3.28883568755069,3.22305897379968,7.77018621267051,6.97979099477007,8.39426914824578,15.411979775964,-9.859585712,31.7752970658143,55,35.0918000152518,0.967304613985498,263.15
BATT_EO_001,28,0.985177783345246,0.650497109248685,0.334680674096561,0.15179366248705,3.28472657498409,3.21903204348441,7.80865141605511,7.13554498471282,8.38680534974716,18.2191402998887,-2.690944246,31.7758705346729,55,35.2738047919377,0.966096051465909,271.15
BATT_EO_001,29,0.98272584605798,0.670510975143456,0.312214870914524,0.21280480526051,3.2808644740521,3.21524718457106,7.79801767683306,7.01455453115478,8.4,15.6417692232056,-9.828848734,31.7758705346729,52.8294835314765,32.866532440582,0.964960139427087,263.15
BATT_EO_001,30,0.99,0.653265042956109,0.336734957043891,0.152902686471042,3.27669408827434,3.21116020650886,7.81642400492122,7.13931534897761,8.39823260755077,18.1837648662034,-2.683760411,31.7765720850304,55,35.4039772805494,0.963733555374807,271.15
BATT_EO_001,31,0.986304705948455,0.662133215138604,0.324171490809851,0.216067463427427,3.27279446916829,3.20733857978492,7.7866054232241,6.99281018963569,8.4,15.5524212675599,-9.828733991,31.7765720850304,54.0816450670157,34.0415005906513,0.962586608578908,263.15
BATT_EO_001,32,0.990000000000002,0.659399177589413,0.330600822410588,0.15311688628334,3.2686280709646,3.20325550954531,7.82892665711696,7.15048036361838,8.4,18.3059413467518,-2.670760274,31.7771698536464,54.463275796236,34.6736831481336,0.961361197342529,271.15
BATT_EO_001,33,0.990000000000002,0.632211785478669,0.357788214521333,0.222340517943894,3.2650629955086,3.19976173559843,7.7199521850438,6.92481292197785,8.33760551211688,14.7874811340828,-9.838053091,31.7773917113705,55,37.4786956296042,0.960312645737825,263.15
BATT_EO_001,34,0.966466230024667,0.617269892920477,0.34919633710419,0.15580294836738,3.26162724165168,3.19639469681865,7.72838209597285,7.05842999316149,8.29379779255715,17.9244150447025,-2.674355833,31.77791406,55,36.5390760520725,0.959302129897554,271.15
BATT_EO_001,35,0.951891310013475,0.609158502396016,0.342732807617459,0.221131148756186,3.2585818341281,3.19341019744554,7.66086180073687,6.8740379877419,8.27074205957288,15.2429944416154,-9.82011594,31.7779733354585,55,35.8270108959051,0.958406421802383,263.15
BATT_EO_001,36,0.944100204421167,0.610487643790612,0.333612560630554,0.15495622302993,3.25537436098884,3.19026687376907,7.70957466216784,7.04271912176383,8.27577631277601,18.3474450996535,-2.657898919,31.7784709965192,55,34.8404127741123,0.95746304734966,271.15
BATT_EO_001,37,0.945758048404272,0.61851798024938,0.327240068154892,0.219585654865874,3.25228500308434,3.18723930302265,7.68337533052055,6.89147259932198,8.3007638323463,15.7148939298435,-9.799411822,31.7785306222797,55,34.1422782509171,0.956554412671864,263.15
BATT_EO_001,38,0.954100362876599,0.614484586626851,0.339615776249748,0.156339587142188,3.24900022601058,3.18402022149037,7.72016362730902,7.04922321469197,8.2898558452919,18.1951837674924,-2.655124417,31.7790372722411,55,35.3983539664125,0.955588301767818,271.15
BATT_EO_001,39,0.950409660089072,0.616447720588146,0.333961939500927,0.221730804008753,3.24592657238418,3.1810080409365,7.67839732339353,6.88448946421514,8.29678421812153,15.5288253510633,-9.795092186,31.7790984753403,55,34.7751911574563,0.954684285995348,263.15
BATT_EO_001,40,0.952689677225204,0.628877931614436,0.323811745610767,0.155534553317774,3.24251544947315,3.17766514048369,7.75329680111542,7.07792997142417,8.33541036445422,18.5891683022554,-2.636012456,31.7796124853012,55,33.6853323562771,0.953681014550926,271.15
BATT_EO_001,41,0.965461007371571,0.62887147437995,0.33658953299162,0.22310130862585,3.23923894837414,3.17445416940666,7.71021476869288,6.90797903842719,8.33655315732265,15.485404561114,-9.787049834,31.7796932945006,55,34.9782031340545,0.952717337757101,263.15
BATT_EO_001,42,0.965795530776907,0.637122581927754,0.328672948849154,0.156686300868165,3.23565582190105,3.17094270546303,7.77613702940802,7.09346082500655,8.36300557199978,18.5123545677063,-2.632749644,31.7802247452159,55,34.1199396590055,0.951663477029722,271.15
BATT_EO_001,43,0.97440993392729,0.626200853683398,0.348209080243893,0.226058412751776,3.2323734031935,3.16772593512963,7.70423448926899,6.899409398,8.33089354590275,15.165635938015,-9.783969833,31.7803116039297,55,36.1086404728572,0.950698059762793,263.15
BATT_EO_001,44,0.963843599549682,0.630458605190409,0.333384994359274,0.158010921365566,3.22890765504938,3.16432950194839,7.75986306294245,7.07734535107292,8.34505811998524,18.3971127696844,-2.628913996,31.7808354227258,55,34.5358617390654,0.949678722073348,271.15
BATT_EO_001,45,0.968458824831701,0.623816985020772,0.344641839810929,0.226456472996474,3.22570606358433,3.16119194231265,7.6986599472634,6.89180631778146,8.32605382441788,15.3069190946805,-9.77164903,31.7809147180216,55,35.6645691913812,0.948737077524804,263.15
BATT_EO_001,46,0.962160261,0.628725864879893,0.333434396291107,0.158669826558036,3.2222893743169,3.15784358683056,7.75665557248225,7.0718256335816,8.34215728011793,18.438941935098,-2.621586769,31.7814349430101,55,34.4698618817818,0.947732168916735,271.15
BATT_EO_001,47,0.967422360319267,0.628112865569064,0.339309494750202,0.226812963674706,3.21905826292203,3.15467709766359,7.70828360657266,6.89835267714393,8.3414557535628,15.4496833419858,-9.758028295,31.7815161505783,55,35.0409093298706,0.946781842035891,263.15
BATT_EO_001,48,0.967150449102379,0.626382957129126,0.340767491973252,0.160133017067539,3.2156510628439,3.15133804158702,7.7526574340093,7.06491020889231,8.33742431494715,18.285802059042,-2.619437547,31.7820387724145,55,35.1550539091373,0.945779724365854,271.15
BATT_EO_001,49,0.965781290456112,0.629285088558421,0.336496201897692,0.227147687917984,3.21242902365709,3.14818044318395,7.712615331,6.89826409422618,8.34741504421475,15.5938475499592,-9.745784346,31.7821194042996,55,34.6789150184376,0.944832065781496,263.15
BATT_EO_001,50,0.969021094247693,0.608211269637867,0.360809824609825,0.16275116657617,3.20920721571686,3.14502307140253,7.71186352500505,7.02480574677928,8.28513798610423,17.8346553531312,-2.623124826,31.7826321554004,55,37.145814671104,0.943884475210843,271.15
BATT_EO_001,51,0.948308412327212,0.600239678312734,0.348068734014478,0.230091350578676,3.20637967511724,3.1422520816149,7.64066612590437,6.83485407141956,8.26254915870813,15.2717445997615,-9.743684248,31.7826813449656,55,35.8004065572514,0.943052845622719,263.15
BATT_EO_001,52,0.940643479446041,0.588408097015352,0.352235382430689,0.162770853417703,3.20349061345913,3.13942080118994,7.66072670829139,6.98242756619531,8.22894525030969,18.0238757198862,-2.612452852,31.7831606977074,55,36.196271584361,0.942203121605626,271.15
BATT_EO_001,53,0.9291267374404,0.567808982057815,0.361317755382585,0.233055556278826,3.20095750008649,3.13693835008476,7.56297897597584,6.76631943431125,8.17068219821198,14.9129805030147,-9.74186054,31.7831853174901,55,37.0975463826554,0.941458088260734,263.15
BATT_EO_001,54,0.908809097910271,0.563869108972726,0.344939988937545,0.162679488076056,3.19834464933985,3.13437775635306,7.60103206824259,6.93131743447737,8.16042107907788,18.2161895025106,-2.602326468,31.7836381757101,55,35.3877150153554,0.940689602747016,271.15
BATT_EO_001,55,0.905149328932491,0.553521558302487,0.351627770630004,0.232468791972785,3.19595947071635,3.13204028130202,7.52832519224304,6.73583008294148,8.13217955185461,15.1863056350295,-9.729182417,31.7836476394793,55,36.0453182014944,0.939988079622456,263.15
BATT_EO_001,56,0.895061299651381,0.566763837279547,0.328297462371835,0.161493211714876,3.19338976434339,3.12952196905652,7.60631400546319,6.93597489739618,8.1703090799456,18.6489057860971,-2.584240633,31.784094771762,55,33.6281736566854,0.939232283630408,271.15
BATT_EO_001,57,0.908572374146241,0.575976347283216,0.332596026863024,0.230116338157488,3.19089865510016,3.12708068199815,7.58128543127333,6.77933286800854,8.19744254366239,15.7480046370678,-9.708356237,31.7841117241776,55,34.0415928443695,0.938499604441223,263.15
BATT_EO_001,58,0.918047491133409,0.601908659764172,0.316138831369237,0.160686060865335,3.18804348965546,3.12428261986235,7.69007793530956,7.00638700944272,8.27398395156784,18.9754772161189,-2.56604113,31.7845820231339,55,32.3310600403594,0.937659849898664,271.15
BATT_EO_001,59,0.944268855105796,0.609581803481224,0.334687051624572,0.231341300932951,3.18518984474783,3.12148604785287,7.66309283279066,6.84602582807096,8.29782097148558,15.7034474169297,-9.701541698,31.7846324817957,55,34.1973148181011,0.936820542572891,263.15
BATT_EO_001,60,0.952242781190348,0.613798232628337,0.338444548562011,0.163879931937075,3.18207840265339,3.11843683460032,7.72185856611758,7.02899538481584,8.31157558725829,18.4163618045545,-2.580064651,31.7851313360177,55,34.5489840533773,0.935905412545114,271.15
BATT_EO_001,61,0.956790065462002,0.620823035211504,0.335967030250498,0.232385920837792,3.17906164837038,3.11548041540297,7.69197810862647,6.86705289911653,8.33386918569923,15.7067050441759,-9.693124018,31.7851984924927,55,34.2634184560387,0.935018131873642,263.15
BATT_EO_001,62,0.96413384261486,0.609662643304274,0.354471199310586,0.166093682223356,3.17592751118379,3.11240896096011,7.7154775720874,7.01840894514849,8.30141996189042,18.0731894623298,-2.583213547,31.7857050985644,55,36.1147039555126,0.934096326818761,271.15
BATT_EO_001,63,0.953322441270989,0.617853477976688,0.335468963294302,0.233170411103513,3.17296841922081,3.10950905083639,7.68527280112391,6.85836647297964,8.32712528715289,15.7575480864061,-9.68305646,31.785768124702,55,34.1466499697298,0.933226005653178,263.15
BATT_EO_001,64,0.961826451786302,0.625100803214227,0.336725648572075,0.165096231923908,3.16970007589492,3.10630607437702,7.75082495107007,7.04920166711573,8.35032790855494,18.4998336014112,-2.564842348,31.7862823125922,55,34.2412481414796,0.932264728204387,271.15
BATT_EO_001,65,0.969420404014186,0.623920512652735,0.345499891361451,0.235950259028264,3.16659821839298,3.10326625402512,7.70061119842571,6.86831856465395,8.34788628013808,15.4787339385502,-9.680505837,31.7863624644134,55,35.0979780009918,0.931352417174405,263.15
BATT_EO_001,66,0.968578987330143,0.632068233499859,0.336510753830284,0.165738321877029,3.16321007113682,3.09994586971409,7.76942217252188,7.06208075193538,8.37409518182016,18.5418625187296,-2.557355003,31.7868885589002,55,34.1503770642784,0.930355903275536,271.15
BATT_EO_001,67,0.977085952181881,0.626308824170315,0.350777128011566,0.237910822655617,3.16004233859059,3.09684149181878,7.70684713292431,6.87059050469484,8.35762218518617,15.3436354475272,-9.673567798,31.7869780305612,55,35.5607026466526,0.929424217232527,263.15
BATT_EO_001,68,0.971679453264207,0.629510603366435,0.342168849897773,0.16708621894736,3.15667425572898,3.0935407706144,7.76434133548798,7.0546850962949,8.36869580415901,18.4268421374183,-2.554067312,31.7875053053343,55,34.6525022110116,0.928433604626169,271.15
BATT_EO_001,69,0.975245477803799,0.615734769575631,0.359510708228168,0.240375675539457,3.15364492847121,3.09057202990179,7.6808384858929,6.84558480361719,8.32787637418718,15.119484553822,-9.668121654,31.7875858653826,55,36.3708576984205,0.927542626020945,263.15
BATT_EO_001,70,0.961816965533758,0.608188546383191,0.353628419150567,0.169043536030803,3.15057722593589,3.08756568141717,7.71272415729099,7.00802750347025,8.30631293778204,18.1598825445432,-2.554131037,31.7880894542581,55,35.7410226824234,0.926640360569378,271.15
BATT_EO_001,71,0.954614306727345,0.615054989126962,0.339559317600383,0.23791154293236,3.14767157815651,3.08471814659338,7.67923655046748,6.84210882837076,8.3280510857699,15.7240915328128,-9.646072756,31.7881527394126,55,34.2871196391172,0.925785758281327,263.15
BATT_EO_001,72,0.961794397898126,0.606863568454592,0.354930829443533,0.169816253717619,3.14462349712686,3.08173102718432,7.71052102860754,7.00352529862161,8.30455341157575,18.1624332538963,-2.548074348,31.7886552028829,55,35.8047232847794,0.92488926386084,271.15
BATT_EO_001,73,0.953946203077234,0.596970032980648,0.356976170096586,0.241735142242318,3.14189172764284,3.07905389308998,7.6354526616603,6.80182203138059,8.27612337779568,15.2625427759676,-9.647957868,31.7887078245877,55,35.9776257070598,0.924085802247894,263.15
BATT_EO_001,74,0.944362896424151,0.58744786883514,0.356915027589011,0.170715730259191,3.13909607745569,3.07631415590657,7.66322957184386,6.9618793017779,8.24912622922057,18.1269638592809,-2.542670152,31.789187158042,55,35.9395677880165,0.92326355219285,271.15
BATT_EO_001,75,0.935156539504774,0.609769195098732,0.325387344406042,0.237203990786794,3.13633479700825,3.07360810106809,7.66643733134453,6.82682742134268,8.31636363391585,16.1638775920523,-9.614833078,31.7892354458077,55,32.7370840319241,0.922451410884781,263.15
BATT_EO_001,76,0.957766538850461,0.614672455779664,0.343094083070797,0.169958037103869,3.1332490902215,3.07058410841707,7.7286438351653,7.01662766305662,8.33231159441509,18.475906817751,-2.527539736,31.7897388708485,55,34.4863146031246,0.921543850065146,271.15
BATT_EO_001,77,0.963007269725998,0.63428028378266,0.328726985943338,0.238569259908706,3.13008450334254,3.06748281327569,7.72919803613784,6.87576253328981,8.39356077155744,16.118177634006,-9.608603299,31.789824934562,55,33.0105274581456,0.920613089218394,263.15
BATT_EO_001,78,0.982944918486079,0.61729963385513,0.365645284630949,0.17290820000377,3.12680858976678,3.06427241797144,7.74021611407752,7.01996453389495,8.34271781855462,17.9818285039949,-2.533352634,31.7903558903983,55,36.6781828571973,0.919649585225522,271.15
BATT_EO_001,79,0.966348904073001,0.613510363084152,0.352838540988849,0.244137816587168,3.1238813303742,3.06140370376672,7.67587474351534,6.82879101562059,8.33234566068348,15.4104996180293,-9.617147679,31.7904294553807,55,35.3586944826074,0.918788626580647,263.15
BATT_EO_001,80,0.962890791846119,0.615826088020435,0.347064703825684,0.171923593340753,3.12076462508641,3.05834933258468,7.73240513280738,7.01531395511281,8.34054734396967,18.4032755612994,-2.515844854,31.7909392804217,55,34.746666078032,0.917871948554827,271.15
BATT_EO_001,81,0.965552523501916,0.627084723590844,0.338467799911072,0.242639061034469,3.11768978709638,3.05533599135445,7.70996135738448,6.85508992758824,8.37613687406458,15.8358789854732,-9.597181229,31.7910226270808,55,33.8531320136168,0.916967584440112,263.15
BATT_EO_001,82,0.977143651237687,0.633861635161588,0.343282016076099,0.172222037069013,3.11426660065091,3.05198126863789,7.77822580358645,7.05149567088451,8.39841095902812,18.5231084972852,-2.505839433,31.7915607562774,55,34.2991175087487,0.915960764897326,271.15
BATT_EO_001,83,0.984296019523949,0.640088550713836,0.344207468810113,0.244713438696615,3.11092124465811,3.04870281976495,7.74344506377953,6.87979153038678,8.4,15.6974251306661,-9.59099171,31.791640317548,54.8600368279802,34.3545565972435,0.91497683666415,263.15
BATT_EO_001,84,0.990000000000002,0.63108881954058,0.358911180459422,0.174648273862214,3.10743988243036,3.04529108478175,7.77437670081243,7.04337487345225,8.39248773916503,18.1785261408671,-2.507854515,31.7922250465377,55,35.7818764621388,0.913952906597165,271.15
BATT_EO_001,85,0.982296098132123,0.627682437529918,0.354613660602205,0.247382866094393,3.10426683183308,3.04218149519642,7.71372132977908,6.85039566059866,8.3832042638776,15.4678875009321,-9.586945144,31.7923265567174,55,35.3156637196437,0.913019656421495,263.15
BATT_EO_001,86,0.979253142971334,0.614628870917071,0.364624272054263,0.176005666386339,3.10106762070953,3.03904626829534,7.73417851684376,7.00675257844718,8.3444815992756,18.0681549528336,-2.503197791,31.7928534242806,55,36.274417446572,0.912078711973392,271.15
BATT_EO_001,87,0.966576524042377,0.615168441976807,0.35140808206557,0.247961296144324,3.09813598546454,3.03617326575525,7.68173731647021,6.82155491083971,8.34725954339869,15.5643788778701,-9.574738876,31.7929311673938,55,34.9254904040738,0.911216466313099,263.15
BATT_EO_001,88,0.967448718325405,0.638148851847419,0.329299866477987,0.173107515046552,3.09474062228604,3.03284580984032,7.7876565459877,7.05508217187324,8.4,18.8908020995141,-2.470527348,31.7934403400629,54.8771605047172,32.696386128002,0.910217830084129,271.15
BATT_EO_001,89,0.990000000000002,0.627171869416913,0.362828130583089,0.250822168155314,3.09152690337852,3.02969636531095,7.71346547566822,6.84382002530286,8.38663784033337,15.2917858722399,-9.570943005,31.7935750815212,55,35.9855697287391,0.909272618640742,263.15
BATT_EO_001,90,0.980190756497323,0.616595478274191,0.363595278223131,0.177546259250621,3.08830658141492,3.02654044978662,7.73899734155015,7.00705852963324,8.35543643618883,18.1114879780806,-2.487838431,31.7941055500539,55,36.0235776831742,0.908325465122034,271.15
BATT_EO_001,91,0.969994212241982,0.615050440550796,0.354943771691186,0.250585558857427,3.08536194624069,3.02365470731587,7.68250215309295,6.81586134593714,8.3518809154179,15.525322745487,-9.556184145,31.7941879346399,55,35.1315687790533,0.907459395953143,263.15
BATT_EO_001,92,0.968788252364943,0.608736746273732,0.360051506091211,0.17786949002353,3.08230264609816,3.0206565931762,7.71958457639164,6.98888787374428,8.33390855368557,18.2278270345889,-2.47878164,31.7947014454896,55,35.6020555093324,0.906559601793578,271.15
BATT_EO_001,93,0.962831515251226,0.608600621809777,0.35423089344145,0.251394818824553,3.07946367311879,3.01787439965642,7.66688780998608,6.79992037153978,8.33460687407921,15.5752665171648,-9.545974899,31.794774053475,55,34.9931856827504,0.905724609740821,263.15
BATT_EO_001,94,0.963022108906372,0.607492686697328,0.355529422209044,0.178146607880522,3.07645369901493,3.01492462503463,7.71592850367124,6.98459340910329,8.33243171439102,18.3453170282044,-2.469191817,31.7952818406341,55,35.0880456705176,0.904839323239686,271.15
BATT_EO_001,95,0.962261375556963,0.608454322164752,0.353807053392212,0.252472378402071,3.07361993653032,3.01214753779971,7.66574902696146,6.7971486776915,8.33645308951715,15.5787341304594,-9.536112182,31.7953546818803,55,34.8850265746526,0.904005863685388,263.15
BATT_EO_001,96,0.963549272241951,0.622061029977227,0.341488242264724,0.177304751988195,3.0704511038433,3.00904208176644,7.75114619896131,7.0134622886393,8.37924672044036,18.7001915818133,-2.452151325,31.7958739325455,55,33.6384148720171,0.903073854071559,271.15
BATT_EO_001,97,0.977506696689322,0.629827901710947,0.347678794978375,0.252401012617626,3.0672824955355,3.00593684562479,7.71983645949734,6.83949896654101,8.4,15.7697760343397,-9.52185937,31.79597809,55,34.2132289131628,0.902141910451617,263.15
BATT_EO_001,98,0.985630754647281,0.653346590384801,0.33228416426248,0.176998678428232,3.06391985694163,3.0026414598028,7.80897435441765,7.07830272402683,8.4,18.4895670811224,-2.435938273,31.79597809,51.9827893551951,32.6631595251022,0.901152899100479,271.15
BATT_EO_001,99,0.990000000000003,0.629406515376661,0.360593484623342,0.255689863613904,3.06067656268743,2.99946303143368,7.71968307610258,6.83551177319392,8.4,15.4473909740599,-9.519382674,31.7966395372912,55,35.4078217025972,0.900198989025714,263.15
BATT_EO_001,100,0.985976989313668,0.635405795611757,0.350571193701911,0.179984225894523,3.0572234,2.9960789324851,7.78424299191111,7.03753372158205,8.4,18.4591876689564,-2.443315929,31.7971202453495,54.6342529620823,34.3863818583926,0.899183353086765,271.15
BATT_EO_001,101,0.990000000000003,0.63244492446178,0.357555075538223,0.256359303507166,3.05393497075521,2.9928562713401,7.72718557451618,6.83913955450144,8.4,15.5437528554243,-9.506512467,31.7973160613347,55,35.0327600044047,0.898216167869178,263.15
BATT_EO_001,102,0.989797276463061,0.624984412920606,0.364812863542455,0.182306490692293,3.05054649155678,2.98953556172565,7.76297945563236,7.01322752141795,8.39629580624131,18.2040587879302,-2.44396873,31.7978694270317,55,35.704108219401,0.89721955634023,271.15
BATT_EO_001,103,0.982743090834677,0.633589773631959,0.349153317202718,0.255786909903305,3.04732010417012,2.98637370208672,7.73002523482016,6.83891464817482,8.4,15.7987748724063,-9.489791258,31.7979219740708,54.7361201676613,34.1353282033665,0.896270618873565,263.15
BATT_EO_001,104,0.990000000000002,0.634562053110795,0.355437946889207,0.182162079048187,3.04385773032108,2.98298057571466,7.78375016030065,7.03157369548594,8.4,18.3872701674943,-2.430460037,31.7984478767418,54.5247631345495,34.7113054593807,0.895252273623847,271.15
BATT_EO_001,105,0.990000000000002,0.625954022357063,0.364045977642939,0.259447974030995,3.04065508484984,2.97984198315285,7.71301883159757,6.8195475505118,8.4,15.4594237251361,-9.488116836,31.7986632777703,55,35.5127667777952,0.894310319073483,263.15
BATT_EO_001,106,0.984874172949408,0.641067115422538,0.34380705752687,0.181568248153484,3.03728167258043,2.97653603912882,7.79172192963954,7.04357773752079,8.4,18.5297931682415,-2.413804899,31.7988565495533,53.4108552589433,33.502453806607,0.893318138994243,271.15
BATT_EO_001,107,0.990000000000002,0.645359706969848,0.344640293030154,0.257319545603555,3.03409472562273,2.97341283111027,7.74449344683179,6.85840400620987,8.4,15.5834134410031,-9.463895518,31.7988565495533,52.6981372707088,33.5472128756288,0.892380801653744,263.15
BATT_EO_001,108,0.990000000000002,0.638273038416586,0.351726961583416,0.183421160887934,3.03067787445227,2.97006431696322,7.78750591460515,7.0354474562803,8.4,18.3847248249588,-2.41183592,31.7996091216741,53.7215832241349,34.1998645933036,0.891375845427138,271.15
BATT_EO_001,109,0.990000000000002,0.646579655258358,0.343420344741644,0.258230627021398,3.02750844807592,2.9669582791144,7.74510936097542,6.85820014143529,8.4,15.573170126154,-9.451684971,31.7996091216741,52.3975054358083,33.355791044786,0.890443661198799,263.15
BATT_EO_001,110,0.990000000000002,0.613656855946739,0.376343144053263,0.186621385911747,3.02424751283469,2.963762563,7.73946387405188,6.98120312402161,8.3721169774577,18.065704687308,-2.417922347,31.8005527570315,55,36.5137701309458,0.889484562598439,271.15
BATT_EO_001,111,0.974536992031718,0.605907890179352,0.368629101852366,0.263726878334487,3.02136814132156,2.96094077849513,7.66232182781314,6.76910437452026,8.34963036789352,15.3797984447635,-9.457974588,31.8006447123647,55,35.729055428791,0.888637688623988,263.15
BATT_EO_001,112,0.967140592323228,0.603525648259863,0.363614944063364,0.186251224855771,3.01836992018201,2.95800252177837,7.71086959001678,6.95843885302757,8.34361638437484,18.3331782146943,-2.404138516,31.8011618285383,55,35.2088075755565,0.887755858877061,271.15
BATT_EO_001,113,0.965118870482623,0.592090581669497,0.373028288813125,0.265414635792086,3.01566631501554,2.95535298871523,7.62863263391046,6.73800289524947,8.31025919990818,15.2925600528856,-9.450384265,31.8012374784603,55,36.0856144921596,0.886960680886922,263.15
BATT_EO_001,114,0.954018959783685,0.585378921224743,0.368640038558942,0.187389922046844,3.01289355917169,2.95263568798826,7.66796357605352,6.91934604989088,8.29136082189787,18.2594740814534,-2.400047247,31.8017333913536,55,35.6286257718263,0.886145164462263,271.15
BATT_EO_001,115,0.947645349560962,0.594241956931986,0.353403392628975,0.262840538942636,3.01024687865763,2.95004194108447,7.63450352800932,6.74045527424461,8.318903606,15.8508481821951,-9.429641566,31.8017981915517,55,34.1259002168066,0.885366729016949,263.15
BATT_EO_001,116,0.956819336532721,0.574150183408069,0.382669153124652,0.189507695128557,3.00753442359756,2.94738373512561,7.6431136918649,6.89469383136311,8.26035934984129,17.9625003184784,-2.39999121,31.8022918762682,55,36.917827605236,0.88456894811693,271.15
BATT_EO_001,117,0.937070025455598,0.572960404926796,0.364109620528802,0.265716414187209,3.00508536332703,2.94498365606049,7.58239834902669,6.69453997112706,8.2578491680755,15.573557558829,-9.427550469,31.8023402079265,55,35.097482039858,0.883848636272656,263.15
BATT_EO_001,118,0.936176987295265,0.567509293903233,0.368667693392032,0.188683897933011,3.00250910386785,2.94245892179049,7.62565137757963,6.8798555203879,8.24294912497139,18.3024054221947,-2.38719533,31.8028165292761,55,35.5069763312833,0.883090912902308,271.15
BATT_EO_001,119,0.931040519679975,0.556686953961809,0.374353565718165,0.268445759851746,3.00017152834552,2.94016809777861,7.54291503804832,6.65946902870677,8.21255336374454,15.3023640558371,-9.424498681,31.8028558387253,55,36.0247568787838,0.882403390689859,263.15
BATT_EO_001,120,0.920508067202093,0.566164959359071,0.354343107843021,0.187883156838604,2.99766233074851,2.93770908413354,7.62003278937938,6.87582698259309,8.24096368398341,18.6142054538225,-2.372206151,31.80332306,55,34.0721010395873,0.88166539139662,271.15
BATT_EO_001,121,0.930284355174853,0.575247896375369,0.355036458799485,0.265736214965334,2.99521796108697,2.93531360186523,7.58877911091923,6.6950364257678,8.26852071896159,15.8599682581158,-9.404885747,31.803370058458,55,34.1107898246396,0.880946459143225,263.15
BATT_EO_001,122,0.939658405226901,0.585299631843823,0.354358773383078,0.188583203559407,2.99250726418595,2.93265711890223,7.6661993632301,6.91298054020712,8.2993770946218,18.6165192641155,-2.365961885,31.8038580021691,55,34.016771511225,0.880149195348809,271.15
BATT_EO_001,123,0.950031664852767,0.585432682236822,0.364598982615946,0.268309357057155,2.98991461977437,2.93011632737888,7.61385691338874,6.71320280001727,8.30083428953465,15.6290755855896,-9.402190893,31.8039235208258,55,34.9686210869534,0.879386652874814,263.15
BATT_EO_001,124,0.950480944551477,0.576161039390647,0.37431990516083,0.191359866387845,2.98721635846667,2.92747203129733,7.6473148492539,6.89244019074527,8.27444419897039,18.1958853730676,-2.371389725,31.8044162121694,55,35.8687596050766,0.878593046607844,271.15
BATT_EO_001,125,0.941545701300744,0.58553166174363,0.356014039557113,0.267748088490171,2.98465289538135,2.92495983747372,7.61406836697749,6.71127250746112,8.30328578646471,15.8663134407399,-9.387575858,31.8044776590931,55,34.0851885942935,0.877839086876868,263.15
BATT_EO_001,126,0.951222719621554,0.584966515260169,0.366256204361385,0.191207884632135,2.98188595300156,2.92224823394153,7.6678739310439,6.90875931660475,8.30273570340236,18.3885206620631,-2.360502247,31.8049759785563,55,35.034324163309,0.877025280294578,271.15
BATT_EO_001,127,0.950996630472174,0.587388812871688,0.363607817600485,0.270054901975366,2.9792674999754,2.91968214997589,7.61869916708419,6.71250486080531,8.31105302354521,15.6820783028558,-9.38337691,31.8050459548282,55,34.7497474323228,0.876255147051589,263.15
BATT_EO_001,128,0.953738563081152,0.598255418098539,0.355483144982613,0.190637598550653,2.97637111726849,2.91684369492312,7.70020308448066,6.93443705788959,8.3449900207159,18.6631445191777,-2.346678881,31.8055553704909,55,33.9424355647533,0.875403269784849,271.15
BATT_EO_001,129,0.964950379491009,0.607069139933203,0.357881239557806,0.269858352841844,2.97349637383086,2.91402644635425,7.66849069350764,6.75066763781866,8.37307841269021,15.872934839661,-9.37001472,31.8056508755365,55,34.138683925823,0.874557757009077,263.15
BATT_EO_001,130,0.97410874515876,0.610536975981419,0.363571769177341,0.192243502023684,2.9703493943287,2.91094240644212,7.7327477024372,6.95785876770627,8.38507186474871,18.5095032774399,-2.344773639,31.8061898797255,55,34.6464455585554,0.873632174802558,271.15
BATT_EO_001,131,0.977960242715646,0.601584486923953,0.376375755791692,0.27415698723735,2.96745964070908,2.9081104478949,7.65537250765138,6.73621063661565,8.3588682536668,15.4133113340848,-9.370345611,31.806295392884,55,35.8295072851106,0.872782247267376,263.15
BATT_EO_001,132,0.969376011202644,0.605226991129275,0.36414902007337,0.193099895178332,2.96439572837532,2.90510781380781,7.71982345811618,6.9449012425558,8.37129970813884,18.512325551812,-2.337566421,31.8068270438474,55,34.631256370539,0.871881096580977,271.15
BATT_EO_001,133,0.973393539872973,0.604347697650464,0.369045842222509,0.274105521476297,2.96149612728397,2.90226620473829,7.66145944441246,6.73940488898277,8.36984545284639,15.6003282334044,-9.356257476,31.8069317394466,55,35.0615808684813,0.871028272730579,263.15
BATT_EO_001,134,0.972875630285944,0.598225657343822,0.374649972942123,0.195076166134257,2.95847657527922,2.89930704377363,7.70378980183007,6.92837283418507,8.35245196066402,18.2850717363334,-2.336049525,31.8074634012366,55,35.5580356391845,0.870140169199769,271.15
BATT_EO_001,135,0.967135670817622,0.599864356718111,0.367271314099512,0.274635181723649,2.95565086966352,2.89653785227025,7.65156839589757,6.7275321154039,8.35864557352624,15.6965996571411,-9.345005262,31.8075607517976,55,34.8236197021086,0.869309079312801,263.15
BATT_EO_001,136,0.969125174583629,0.588560850860804,0.380564323722826,0.196456407257536,2.95273753920558,2.89368278842147,7.68115137987655,6.90659060159104,8.32565583857008,18.1747391090516,-2.331653556,31.8080836779952,55,36.0482413343279,0.868452217413406,271.15
BATT_EO_001,137,0.958196777215966,0.577638454521598,0.380558322694368,0.277913541601346,2.95014447933209,2.89114158974545,7.59731885065698,6.67926533853163,8.29409965785076,15.3790621244343,-9.342081073,31.8081612361044,55,36.0137830949887,0.867689552744733,263.15
BATT_EO_001,138,0.947609001252342,0.587468021753591,0.360140979498751,0.194980985643082,2.94735100198919,2.88840398194941,7.67588039493375,6.90288818421611,8.324649731,18.6374180654077,-2.313028727,31.8086655585417,55,34.0512302426984,0.866867941761527,271.15
BATT_EO_001,139,0.95777966717307,0.587372049519821,0.370407617653249,0.277137411918608,2.94467682397931,2.88578328749973,7.62120014387548,6.69682511385971,8.32549796387094,15.6571702514864,-9.327509768,31.8087494355912,55,34.9892960283211,0.866081418817445,263.15
BATT_EO_001,140,0.958020052645479,0.590876388606374,0.367143664039105,0.196364815191143,2.94179670505649,2.88296077095536,7.68642113877542,6.90796093988276,8.33728724257989,18.5230576500713,-2.310591416,31.8092656885457,55,34.6485015473248,0.865234325016615,271.15
BATT_EO_001,141,0.961882927911987,0.6085105776324,0.353372350279587,0.274915459643071,2.93888062255404,2.88010301010296,7.67463178958743,6.73825986939856,8.39240596867906,16.1321531219193,-9.30611965,31.8093702876498,55,33.3171264787744,0.864376653692364,263.15
BATT_EO_001,142,0.979864797226576,0.619394303146756,0.36047049407982,0.196424765846102,2.93556225836196,2.87685101319472,7.75581528999872,6.96521842999605,8.4,18.6574184195085,-2.298597995,31.8098984066035,54.8292866547028,33.9506698841586,0.863400664224105,271.15
BATT_EO_001,143,0.99,0.610640899029487,0.379359100970513,0.281062125608601,2.93245533713528,2.87380623039258,7.67864910520777,6.73919089926679,8.4,15.4355713845433,-9.311345987,31.8100687671246,55,35.6897927646978,0.862486863863318,263.15
BATT_EO_001,144,0.982804544392341,0.610296400057258,0.372508144335084,0.198543967727607,2.92920381382088,2.87061973754446,7.73689718095811,6.94393336508086,8.4,18.4517576948135,-2.297979336,31.8106292646213,55,35.007435481448,0.86153053347673,271.15
BATT_EO_001,145,0.982872475652194,0.61491082052673,0.367961655125464,0.280120824061291,2.9260769211239,2.86755538270142,7.68988224025849,6.74544010742761,8.4,15.761611415184,-9.293988691,31.8107646280222,55,34.5430256285484,0.860610859154088,263.15
BATT_EO_001,146,0.987878196868403,0.62064478185836,0.367233415010043,0.198893458543585,2.92271838127031,2.8642640136449,7.75832189544424,6.96352621814957,8.4,18.4965320933931,-2.286557148,31.811217300155,54.4051599992333,34.4363519002609,0.859623053314796,271.15
BATT_EO_001,147,0.990000000000002,0.600785220665922,0.38921477933408,0.284844980141611,2.91970983320118,2.86131563653716,7.65584378870604,6.7127308956594,8.37703310128913,15.2635939879073,-9.293239405,31.8114706600367,55,36.456720150975,0.858738186235643,263.15
BATT_EO_001,148,0.974583422406183,0.610989734381524,0.363593688024659,0.199411750715626,2.91648673734471,2.85815700259782,7.73703744257391,6.94134249826436,8.4,18.6519228709302,-2.275996003,31.8120260971914,55,34.0217004470933,0.857790216866093,271.15
BATT_EO_001,149,0.985186430989731,0.622811172908889,0.362375258080842,0.281330042474603,2.91335531865572,2.8550882122826,7.70253695152462,6.75629941375485,8.4,15.7773663829779,-9.267705105,31.8120260971914,53.9126396035013,33.870779982631,0.856869211369329,263.15
BATT_EO_001,150,0.990000000000002,0.615450603002007,0.374549396997995,0.201352920689545,2.9099629873478,2.85176372760085,7.75127352389596,6.94834628766908,8.4,18.4610352677297,-2.274481838,31.8127316676872,54.9297723296136,34.9694575210788,0.855871466867001,271.15
BATT_EO_001,151,0.990000000000002,0.597705552209215,0.392294447790786,0.287729302374532,2.90697051618719,2.84883110586345,7.64849804819753,6.70046264837543,8.3732172546364,15.2273829070922,-9.272030346,31.8128808956768,55,36.584777927656,0.854991328290351,263.15
BATT_EO_001,152,0.973142853887773,0.606883652703115,0.366259201184657,0.201282031664953,2.90378755160852,2.84571180057635,7.72900127729316,6.92855801164656,8.4,18.6579966890702,-2.261194676,31.8134351606543,55,34.1216224472773,0.8540551622378,271.15
BATT_EO_001,153,0.982719483540883,0.604033698756835,0.378685784784049,0.286522284710972,2.90075958289404,2.84274439123616,7.66431714441203,6.71092105014525,8.39544661897795,15.5929862357396,-9.254979592,31.8135695239266,55,35.2412176201096,0.853164583204129,263.15
BATT_EO_001,154,0.980265407797685,0.596371960345952,0.383893447451733,0.20416864423137,2.89763899560088,2.83968621568886,7.70481058229358,6.90451692931738,8.37327860801749,18.2769525166158,-2.263145748,31.8141253779254,55,35.6874760063002,0.852246763412023,271.15
BATT_EO_001,155,0.973017441598453,0.602240259704098,0.370777181894356,0.28612614389555,2.89467720707842,2.83678366293685,7.66055823248996,6.70455445785283,8.39264158528712,15.8283103865219,-9.239596258,31.8142503214723,55,34.4327123486703,0.851375649140712,263.15
BATT_EO_001,156,0.979263434996403,0.591313771699855,0.387949663296548,0.20526483415361,2.89160617314246,2.83377404967961,7.69451797224921,6.8920560792449,8.36051949990316,18.2423168971605,-2.257168202,31.8148030400594,55,35.9889505283885,0.850472403865428,271.15
BATT_EO_001,157,0.968749676635392,0.595325696411576,0.373423980223816,0.287681789410616,2.8887347859913,2.83096009027147,7.64366218809718,6.68745117891681,8.37405835545804,15.7855678451698,-9.23038212,31.8149203312061,55,34.6064933866821,0.849627878232735,263.15
BATT_EO_001,158,0.973131821750302,0.585853838530139,0.387277983220162,0.206152488066359,2.88574741916366,2.82803247078039,7.68009502058506,6.87892153460442,8.34654330983748,18.2453242559014,-2.249176612,31.8154640016704,55,35.8532601470019,0.848749240930489,271.15
BATT_EO_001,159,0.964060829444864,0.581676491161349,0.382384338283515,0.290505701191354,2.88302401411747,2.82536353383512,7.60926384376329,6.6566432146415,8.33513111844879,15.5589808620973,-9.224749761,31.8155691675237,55,35.3652434319575,0.847948239446314,263.15
BATT_EO_001,160,0.96024498220405,0.579729900435134,0.380515081768916,0.206042820230642,2.88015798418229,2.82255482449864,7.66562270338042,6.8646445478323,8.33053842683218,18.4375768346673,-2.238417319,31.8160973650836,55,35.1582497716846,0.847105289465378,271.15
BATT_EO_001,161,0.958676063909746,0.598647386540506,0.36002867736924,0.287224698235725,2.87727875318048,2.81973317811687,7.65297038761867,6.68931238721971,8.38943182193284,16.1705545390149,-9.200603028,31.8162124739358,55,33.2334787560023,0.846258456817789,263.15
BATT_EO_001,162,0.9779508183287,0.591894811677393,0.386056006651307,0.20750518424722,2.87418489334644,2.81670119547951,7.69646107699693,6.88741870984699,8.3701139613257,18.3264434912086,-2.233571671,31.8167694574873,55,35.5980824617776,0.845348498043071,271.15
BATT_EO_001,163,0.97161383571771,0.597706317802084,0.373907517915626,0.290909404175497,2.87124388161577,2.81381900398346,7.65075623900439,6.68418689251127,8.38928165448077,15.8434500098048,-9.199161312,31.8168980412968,55,34.4423629193014,0.844483494592875,263.15
BATT_EO_001,164,0.977806699645019,0.610462335109238,0.367344364535781,0.206187045637916,2.8679382611955,2.81057949597159,7.74114099938956,6.92399165992331,8.4,18.7538891840943,-2.214626361,31.8174446777604,54.857923267756,33.8017705524521,0.843511253292793,271.15
BATT_EO_001,165,0.990000000000002,0.632563526653073,0.357436473346929,0.289009109060829,2.8648520378259,2.80755499706938,7.7109789572882,6.75446175517801,8.4,15.6632604022585,-9.175825547,31.8174446777604,51.6067297346109,32.8526681017156,0.84260354053703,263.15
BATT_EO_001,166,0.990000000000002,0.6063215063134,0.383678493686602,0.209012641837311,2.86148247254805,2.80425282309709,7.73284589288798,6.91294612186686,8.4,18.4085837256985,-2.215875354,31.818211150542,55,35.2252141565336,0.841612491925897,271.15
BATT_EO_001,167,0.987703264160193,0.602005999965211,0.385697264194982,0.295541174804807,2.85837360835122,2.80120613618419,7.66138729146834,6.686781718,8.4,15.5751308906009,-9.182326871,31.8183669213718,55,35.3703439796437,0.840698120103299,263.15
BATT_EO_001,168,0.98380849301088,0.622255167349102,0.361553325661778,0.207256941462155,2.85509359992896,2.79799172793038,7.7558571779002,6.9443715034531,8.4,18.6197535217163,-2.19292583,31.8184604379909,52.9148343074408,33.1194139557489,0.839733411743813,271.15
BATT_EO_001,169,0.990000000000002,0.606906884001456,0.383093115998546,0.296219294818483,2.85189284812246,2.79485499116001,7.67419747078836,6.69394410612817,8.4,15.6708984323898,-9.16934825,31.8191100184611,55,35.0529410331478,0.838792014153665,263.15
BATT_EO_001,170,0.989567751634982,0.61427163645149,0.375296115183491,0.209763791846774,2.84853080531914,2.79156018921276,7.74574663617653,6.92518134079769,8.4,18.4970794741464,-2.193795639,31.8194789881222,53.9397576931186,34.2998300552437,0.837803178035041,271.15
BATT_EO_001,171,0.990000000000002,0.604221450898654,0.385778549101348,0.297919786915405,2.84535217642799,2.78844513289943,7.66785663080468,6.68520613699252,8.4,15.6294587108059,-9.158709451,31.8198674438977,55,35.2174853006311,0.836868287184703,263.15
BATT_EO_001,172,0.987764136603193,0.623446423686704,0.364317712916489,0.209458631464256,2.84205398014302,2.78521290054016,7.75705839619122,6.942358298,8.4,18.5348403892195,-2.177334409,31.8198674438977,52.5025600378925,33.2202918061982,0.835898229453831,271.15
BATT_EO_001,173,0.990000000000003,0.600023618901341,0.389976381098662,0.29993367977036,2.83891601657075,2.78213769623933,7.65741769830549,6.67336226876461,8.4,15.5426644693131,-9.148858452,31.820616913577,55,35.5197131743456,0.834975298991397,263.15
BATT_EO_001,174,0.98444022862782,0.603643348891577,0.380796879736243,0.212166293847466,2.83556886111527,2.77885748389297,7.72860003484285,6.8985625829435,8.4,18.5750752360828,-2.179622987,31.8212073315816,55,34.6444871418567,0.833990841504492,271.15
BATT_EO_001,175,0.988506785479203,0.581518381687595,0.406988403791609,0.303814551623356,2.83263374236377,2.77598106751649,7.61330383177705,6.63209648064363,8.35751145373441,15.1892458945291,-9.143767675,31.821358126667,55,36.9845962598293,0.833127571283462,263.15
BATT_EO_001,176,0.966810035209793,0.596134568456613,0.370675466753181,0.211832268982587,2.82948192856311,2.77289228999185,7.70933004790247,6.88110482935176,8.4,18.8123996050483,-2.164788032,31.8219228376492,55,33.6501152208493,0.832200567224444,271.15
BATT_EO_001,177,0.981835316458515,0.602867579357562,0.378967737100953,0.300214154541833,2.82633053780483,2.76980392704873,7.66561725844127,6.67345791027793,8.4,15.8729519588568,-9.119966993,31.8220863998565,55,34.3648590325271,0.831273687589656,263.15
BATT_EO_001,178,0.988987759052229,0.611265801715228,0.377721957337001,0.213692917471323,2.822964917,2.7665056186159,7.73975721572605,6.91005857495776,8.4,18.5101174160226,-2.16064549,31.822449057891,53.883623209376,34.2120528597619,0.830283799104413,271.15
BATT_EO_001,179,0.990000000000003,0.588007377924108,0.401992622075894,0.305577807091322,2.81992962266853,2.76353103021515,7.62877666049027,6.63931641378835,8.3832664980716,15.330942063839,-9.118803941,31.8228468812004,55,36.3681178964847,0.829391065490743,263.15
BATT_EO_001,180,0.975023486039648,0.571773212158447,0.403250273881201,0.217303004585969,2.81694842417661,2.76060945569307,7.65399302648544,6.82659252579712,8.33530530995305,18.1689078899896,-2.164784516,31.8234074834943,55,36.4423152038003,0.828514242404884,271.15
BATT_EO_001,181,0.959216727257162,0.577214505753983,0.382002221503179,0.302841820693292,2.81417971548304,2.75789612117338,7.6040165480476,6.61489050148159,8.35304266681873,15.8812293044374,-9.098559233,31.823531371359,55,34.4876609501022,0.827699916318541,263.15
BATT_EO_001,182,0.965033015019947,0.573605528326536,0.391427486693411,0.216819039727608,2.81123376209842,2.75500908685646,7.65740606184959,6.82843646840798,8.34349644241777,18.4345361429128,-2.15185219,31.824083522512,55,35.3023886350358,0.826833459440713,271.15
BATT_EO_001,183,0.961833281286622,0.550658319406632,0.411174961879991,0.309306255762684,2.80865203896518,2.75247899818588,7.53812670417652,6.55830946368424,8.27629588756181,15.162271010856,-9.100620364,31.824196096991,55,37.04581358,0.826074129107406,263.15
BATT_EO_001,184,0.939264323660815,0.548513784441915,0.3907505392189,0.21746684535913,2.80600749915247,2.74988734916942,7.59730776258706,6.77629221136222,8.27120450209559,18.4754188208537,-2.14410686,31.8247131508779,55,35.1732632284438,0.825296323280139,271.15
BATT_EO_001,185,0.937486751731923,0.547568886828057,0.389917864903866,0.306543126257061,2.80353560824175,2.74746489607691,7.53154118182333,6.55001837015668,8.26956643244835,15.7039107758748,-9.082430826,31.8248066484054,55,35.0663163273418,0.82456929654169,263.15
BATT_EO_001,186,0.936885501044905,0.569824465216213,0.367061035828692,0.21541095040701,2.80074104498464,2.74472622408495,7.64686616639008,6.8175131174579,8.33701099432662,18.9859387571478,-2.122002473,31.8253348268746,55,32.9808935263517,0.823747366171954,271.15
BATT_EO_001,187,0.959508152769986,0.59659250132973,0.362915651440256,0.302180067621612,2.79772187135503,2.74176743392792,7.65386668600332,6.64711617719373,8.4,16.4144347625845,-9.054708371,31.8254822299151,55,32.576029109105,0.822859373927949,263.15
BATT_EO_001,188,0.986661566957567,0.581767935114012,0.404893631843555,0.220634260051113,2.79452574132703,2.73863522650049,7.68095399144075,6.83898217601618,8.37621635600298,18.217849358447,-2.135191363,31.8260735224761,55,36.3017604029858,0.821919335684422,271.15
BATT_EO_001,189,0.972302676537314,0.55980654761604,0.412496128921274,0.312629181098911,2.79180265261453,2.73596659956224,7.5618854467818,6.56834814812366,8.31118729742444,15.2180765610022,-9.069900099,31.8262083415574,55,36.9433657390424,0.821118427239568,263.15
BATT_EO_001,190,0.950746263598146,0.556655862991697,0.394090400606448,0.220344072198843,2.78902781052732,2.73324725431677,7.61794007611819,6.7864874448393,8.30310831024382,18.4462559982016,-2.12254733,31.8267447788123,55,35.2605474842797,0.820302297213918,271.15
BATT_EO_001,191,0.947986373103881,0.560590537446268,0.387395835657613,0.309156734168762,2.78640046700122,2.73067245766119,7.56482077136744,6.56769810137147,8.31606616398104,15.8537357551158,-9.049100798,31.8268595134675,55,34.6282935665539,0.819529549118006,263.15
BATT_EO_001,192,0.952286165914192,0.566831755981352,0.38545440993284,0.220144630727429,2.78353068239885,2.72786006875087,7.6420800058975,6.80507612148114,8.33613751578959,18.640692092525,-2.110447281,31.8274049941458,55,34.4210982473719,0.818685494823191,271.15
BATT_EO_001,193,0.958923674351553,0.554950510379314,0.403973163972239,0.313419146684065,2.78089062176667,2.72527280933133,7.54994140236896,6.5533925655962,8.30186578560251,15.4477856504818,-9.046300613,31.8275279114505,55,36.0383672642649,0.817909006401961,263.15
BATT_EO_001,194,0.947426241557291,0.533877675708071,0.413548565849221,0.224072779780633,2.77825133806327,2.722686311,7.56632197683276,6.7372688878972,8.24128480966036,18.0793976970758,-2.115615275,31.828054881038,55,36.8568844889077,0.817132746489197,271.15
BATT_EO_001,195,0.926741968174742,0.521726451886511,0.405015516288231,0.314551494588157,2.77591285649913,2.72039459936915,7.47149635128407,6.48531587376211,8.20740042531754,15.4514448172383,-9.036932399,31.8281414009658,55,36.0639795553835,0.816444957793861,263.15
BATT_EO_001,196,0.914929402570631,0.506051715390166,0.408877687180465,0.224282054750724,2.77350658925473,2.71803645746963,7.50113159313528,6.68135606619756,8.16410905128671,18.1924152643876,-2.10717493,31.8286379826386,55,36.376544560545,0.815737232133743,271.15
BATT_EO_001,197,0.89960316537399,0.5,0.39960316537399,0.314579025139977,2.77131513337876,2.71588883071119,7.42131894585944,6.44099339910672,8.14817195360382,15.5898078912733,-9.02581011,31.828705898744,55,35.5219341529906,0.815092686287872,263.15
BATT_EO_001,198,0.893865503655157,0.525154317786068,0.368711185869089,0.220229647449629,2.76889398505298,2.71351610535193,7.54304287080404,6.71745878235678,8.22043825272674,19.0423611292131,-2.077909863,31.829197959643,55,32.7494206477089,0.814380583839113,271.15
BATT_EO_001,199,0.9193502038932,0.541156013536997,0.378194190356203,0.311296868972994,2.76646403846496,2.71113475769566,7.51973186790894,6.51938540792089,8.26797523600727,16.1482847133068,-9.005320324,31.8292906533663,55,33.5625829742714,0.813665893666165,263.15
BATT_EO_001,200,0.935686918598541,0.524261955933257,0.411424962665283,0.225821130458863,2.76390178379649,2.70862374812056,7.54547388280516,6.7132806080526,8.22018140794363,18.1975726091683,-2.094965038,31.8298089409548,55,36.4778493244232,0.812912289351909,271.15
BATT_EO_001,201,0.91916946777327,0.520024963551999,0.399144504221271,0.316352618893522,2.76157481572971,2.70634331941512,7.46821956994324,6.47498573097682,8.20912071911138,15.6419340083023,-9.007239415,31.8298955722955,55,35.3578316793172,0.812227886979327,263.15
BATT_EO_001,202,0.915267832500409,0.534468345976205,0.380799486524204,0.22320276806707,2.75903156009071,2.7038509288889,7.56587892944899,6.73196053851399,8.25194742419893,18.8094271694002,-2.072783973,31.8304055001344,55,33.7036608414416,0.811479870614916,271.15
BATT_EO_001,203,0.930065093018895,0.558892182151958,0.371172910866937,0.311494660554491,2.75642818646265,2.7012996227334,7.56483898006104,6.54992140223827,8.32528653560555,16.3936758060708,-8.981171525,31.8305186516878,55,32.8218942391759,0.810714172489016,263.15
BATT_EO_001,204,0.954841125251769,0.547223758327815,0.407617366923953,0.226863998920076,2.7536385163944,2.69856574606652,7.60061961342971,6.75485344355171,8.29190364661787,18.3145823398721,-2.079376098,31.8310666179902,55,36.0083239135715,0.809893681292472,271.15
BATT_EO_001,205,0.943583830431044,0.560028842524436,0.383554987906608,0.315390518659589,2.75096882252029,2.69594944606989,7.56510590757771,6.5491322023428,8.33133994661414,16.0645668237611,-8.97915991,31.8311927393451,55,33.8500156896101,0.809108477211851,263.15
BATT_EO_001,206,0.956760913489904,0.569037498066111,0.387723415423793,0.22539092654381,2.74798710291674,2.6930273608584,7.65186037034442,6.79673288448938,8.35999720416546,18.7369117910578,-2.061816998,31.831758403473,55,34.1831126216849,0.808231500857864,271.15
BATT_EO_001,207,0.966188455407953,0.567098726927329,0.399089728480625,0.319199179190061,2.74514623755058,2.69024331279956,7.58323612870866,6.56009457490701,8.35551475673315,15.7443581480265,-8.976386588,31.8319121239257,55,35.147668047015,0.807395952220758,263.15
BATT_EO_001,208,0.964662657784987,0.56050902048553,0.404153637299458,0.228302827180171,2.74218434167742,2.68734065484387,7.63216373425857,6.77724069845464,8.33706654362581,18.3957886983485,-2.061953881,31.8324831950528,55,35.5556861394729,0.806524806375711,271.15
BATT_EO_001,209,0.958508599062677,0.547620975524268,0.41088762353841,0.322545040543033,2.73952773817947,2.68473718341588,7.53551424573768,6.51807941481756,8.29987235497692,15.4773247711748,-8.970181647,31.8326195937742,55,36.110579317123,0.805743452405727,263.15
BATT_EO_001,210,0.946019294549776,0.553366666715327,0.39265262783445,0.227697406314426,2.73670749287131,2.68197334301388,7.61487727628825,6.76111445629954,8.31833681230735,18.6655203234816,-2.048364041,31.833169834285,55,34.4741250992304,0.804913968491562,271.15
BATT_EO_001,211,0.952168784508756,0.551148564471998,0.401020220036758,0.321693384752106,2.73404246867454,2.67936161930104,7.54545546132623,6.52250360284192,8.31302438898582,15.7523295646629,-8.955565212,31.8333047652688,55,35.1733033780219,0.804130137845452,263.15
BATT_EO_001,212,0.950341406008763,0.560064626572622,0.390276779436141,0.228373258152564,2.73113753151022,2.67651478088002,7.63034242508322,6.77250708493479,8.34116476298894,18.7071938448867,-2.039124419,31.8338653729847,55,34.1967348597722,0.80327574456183,271.15
BATT_EO_001,213,0.959671369501879,0.563613975069413,0.396057394432467,0.32185975249424,2.72832428062989,2.6737577950173,7.5763486563323,6.54466762179862,8.35328132578686,15.8940946123139,-8.942298652,31.8340181383888,55,34.6670014701273,0.802448317832322,263.15
BATT_EO_001,214,0.963628296145547,0.555967856185246,0.407660439960301,0.23107476409467,2.72537154902503,2.67086411804453,7.62387274490097,6.76195092301425,8.33169706601767,18.4050112102528,-2.039591316,31.8345924002267,55,35.6443921289278,0.801579867360302,271.15
BATT_EO_001,215,0.956422912530961,0.548807150059822,0.407615762471139,0.325288568011131,2.72268463323092,2.6682309405663,7.53951733225147,6.51197328253289,8.31162017530972,15.6242635630046,-8.936361263,31.8347351892467,55,35.6034496549698,0.800789598009095,263.15
BATT_EO_001,216,0.949664549032535,0.532843090705952,0.416821458326582,0.233037508255446,2.71995136614866,2.66555233882569,7.56895654835231,6.71401155551222,8.26586319811467,18.2219056911989,-2.035290211,31.8352851265223,55,36.3706970254379,0.799985695926078,271.15
BATT_EO_001,217,0.9341163217722,0.528265987406618,0.405850334365582,0.326144071361181,2.71747376629411,2.66312429096823,7.49030095684321,6.46878089616803,8.2537220440858,15.6733867197197,-8.92518797,31.8354016197454,55,35.3795844411403,0.799256990086504,263.15
BATT_EO_001,218,0.929908522727699,0.525509703264275,0.404398819463423,0.232429417941497,2.71485676621329,2.66055963088903,7.55073192686927,6.69788240602664,8.24698203780497,18.486427296746,-2.022754675,31.8359336497281,55,35.220050914921,0.798487284180381,271.15
BATT_EO_001,219,0.927540373261096,0.539824022934608,0.387716350326488,0.323593891036177,2.71232146175685,2.65807503252172,7.51985414554215,6.48930531705351,8.29009442758136,16.1385384746327,-8.905902015,31.8360533648221,55,33.7357320514244,0.797741606399075,263.15
BATT_EO_001,220,0.942218767444596,0.545008144249357,0.397210623195238,0.232410116054692,2.7095273994344,2.65533685144571,7.59662957495947,6.73441487705657,8.30682155363619,18.6418422671083,-2.011651582,31.8366063518689,55,34.5280010824279,0.796919823363059,271.15
BATT_EO_001,221,0.94781177401227,0.550733296032444,0.397078477979826,0.326327261146085,2.70683047430789,2.65269386482173,7.54647463921758,6.50793038973969,8.32523621029151,15.9557070211707,-8.900503429,31.8367499538094,55,34.4817820576026,0.796126610090555,263.15
BATT_EO_001,222,0.953932176131975,0.560518560673043,0.393413615458932,0.232645198060133,2.70384520120797,2.64976829718381,7.6353057804391,6.76329104589163,8.35619710131914,18.7607151992278,-2.001472298,31.8373265370537,55,34.1282095344274,0.79524858859058,271.15
BATT_EO_001,223,0.964150025839414,0.525879854746171,0.438270171093244,0.334798610976215,2.70123255284155,2.64720790178471,7.48618255561664,6.45533890699497,8.25468986199986,15.0243386175014,-8.904103435,31.8374749914399,55,37.9779696793471,0.794480162600454,263.15
BATT_EO_001,224,0.929935332995425,0.529388231968659,0.400547101026766,0.234257015853093,2.69856776956026,2.64459641416905,7.5621698240958,6.69947326537332,8.26622327801401,18.6478807218448,-1.997317043,31.8380152422593,55,34.6760758748124,0.793696402811841,271.15
BATT_EO_001,225,0.933838825745383,0.506222057952129,0.427616767793255,0.334073678705906,2.69616395268322,2.64224067362955,7.44032010583508,6.41458835448986,8.20062018297768,15.2882500850825,-8.891117673,31.8381319488931,55,36.9838145519645,0.792989397848005,263.15
BATT_EO_001,226,0.911049228865965,0.50167236651994,0.409376862346025,0.236212899341562,2.6936833095086,2.63980964331843,7.49738430384735,6.64361899010611,8.18890552191523,18.4605281137131,-1.994225687,31.8386513582074,55,35.3744868636425,0.792259796914295,271.15
BATT_EO_001,227,0.906873958208012,0.5,0.406873958208012,0.331377789814118,2.69137553228305,2.63754802163739,7.42707707204107,6.40042441961954,8.18528829796187,15.7833384184616,-8.874033242,31.838751709671,55,35.1269286103465,0.79158103890678,263.15
BATT_EO_001,228,0.905549994646816,0.5,0.405549994646816,0.236357854913363,2.68891106133205,2.63513284010541,7.49465288837749,6.63865144579191,8.18647288991185,18.5768499017939,-1.985482191,31.8392688887033,55,34.9817185543511,0.790856194509427,271.15
BATT_EO_001,229,0.905920712436337,0.5,0.405920712436337,0.332103178030291,2.68659894365419,2.63286696478111,7.42775393449391,6.3979714174355,8.1875904789933,15.8324861136376,-8.864127192,31.8393706094097,55,34.9825571980958,0.790176159898291,263.15
BATT_EO_001,230,0.906270082670741,0.500197550747056,0.406072531923685,0.237166703470007,2.68412475129476,2.63044225626886,7.49540908074945,6.63722130871229,8.18934382306692,18.5795350468657,-1.978724683,31.8398899693159,55,34.9645901776635,0.789448456263164,271.15
BATT_EO_001,231,0.906841024410168,0.507491851653788,0.39934917275638,0.332078089778619,2.68177287057121,2.62813741315979,7.44458002000132,6.41007703684279,8.21122448926808,15.9740042110717,-8.851383884,31.8399965653343,55,34.354953451459,0.788756726638592,263.15
BATT_EO_001,232,0.914487634917493,0.499999999999994,0.414487634917499,0.238874822980715,2.67926629769066,2.62568097173684,7.49602027538771,6.63489720623032,8.19114189245042,18.4310512173884,-1.97538248,31.8405226238628,55,35.6247600886969,0.788019499320781,271.15
BATT_EO_001,233,0.907379980263443,0.508305348249641,0.399074632013802,0.332810033495422,2.67690206322235,2.6233640219579,7.44780639841382,6.40912760598576,8.21593705153872,16.0238345300417,-8.841498022,31.8406319281229,55,34.2691694648217,0.787324136241866,263.15
BATT_EO_001,234,0.916040112727428,0.531075708002467,0.384964404724962,0.236198925604658,2.67423387033965,2.62074919293285,7.56623698674075,6.69389907245853,8.28330204962052,19.012600978366,-1.951892334,31.8411726017137,55,33.0273095030912,0.786539373629308,271.15
BATT_EO_001,235,0.939198874718376,0.528909221712028,0.410289653006348,0.33586552413027,2.67165568879942,2.61822257502344,7.49620352160052,6.44633226907375,8.2782417429185,15.7976974793224,-8.836586494,31.8413131347285,55,35.1650640018211,0.785781084941007,263.15
BATT_EO_001,236,0.9374279562115,0.556220566743653,0.381207389467848,0.236330534258724,2.66870491205234,2.6153308138113,7.6280034049163,6.74171103611317,8.36122170826536,19.1351352109034,-1.941122695,31.8418879737829,55,32.640226096312,0.78491320942716,271.15
BATT_EO_001,237,0.965160570926583,0.540609462477086,0.424551108449497,0.339668657698527,2.66592560134128,2.61260708931445,7.52364811761527,6.46615517807587,8.31574493799269,15.487240474296,-8.830749403,31.8420622106775,55,36.3109020936946,0.784095765100376,263.15
BATT_EO_001,238,0.949993499950888,0.52806901925428,0.421924480696608,0.242260344794698,2.66311671945244,2.60985438506339,7.56318579700287,6.68321294760134,8.28009712194422,18.3283240360266,-1.954855123,31.84263448,55,36.0481950401253,0.783269623368364,271.15
BATT_EO_001,239,0.937895560843905,0.504079241592375,0.43381631925153,0.342651550834663,2.66065402347675,2.60744094300721,7.43594603831682,6.39185814272152,8.21188695099649,15.2716375956444,-8.82262238,31.8427691556013,55,37.0267994868512,0.782545301022572,263.15
BATT_EO_001,240,0.914303039880204,0.510021120380116,0.404281919500088,0.240910069532289,2.65807449457673,2.60491300468519,7.52051574215896,6.64632626027297,8.23019732558711,18.7090234351079,-1.939334568,31.8433067983368,55,34.4739573167665,0.781786616051979,271.15
BATT_EO_001,241,0.92063796840901,0.541910950801762,0.378727017607248,0.332763931873952,2.65543317983813,2.60232451624137,7.53150258152653,6.46428755307551,8.32504492823265,16.6084230866486,-8.785150518,31.843450056026,55,32.2643868508339,0.78100975877592,263.15
BATT_EO_001,242,0.952907975886803,0.529090755157383,0.42381722072942,0.244081194694629,2.65258308743215,2.59953142568351,7.56696784963821,6.68115513365045,8.28848146860388,18.3344352758201,-1.940010849,31.8440299814684,55,36.0671878250273,0.780171496303575,271.15
BATT_EO_001,243,0.94054091466261,0.531599263343371,0.408941651319239,0.3401526910456,2.64994067458807,2.59694186109631,7.50363137968576,6.44024014244352,8.29724391653109,15.9051805950345,-8.792293445,31.8441841856086,55,34.7656500180675,0.779394316055316,263.15
BATT_EO_001,244,0.943457099307082,0.513014013918858,0.430443085388225,0.24567100976551,2.64721515167876,2.59427084864518,7.53013446508707,6.64763639433322,8.24430340789206,18.2270425103803,-1.934249959,31.8447504398179,55,36.5556687818155,0.778592691670223,271.15
BATT_EO_001,245,0.925310470174738,0.499999999999994,0.425310470174743,0.344334430144889,2.64478647967602,2.5918907500825,7.42851613958195,6.37571672576313,8.20817267756775,15.5479697287794,-8.788017201,31.8448817319887,55,36.0844673260072,0.7778783763753,263.15
BATT_EO_001,246,0.912683944700654,0.5,0.412683944700654,0.244353682391904,2.64222890194903,2.58938432391004,7.49942211322212,6.62073808666889,8.2094551592506,18.6033450530749,-1.919652011,31.845421285959,55,34.9804801472181,0.777126147632066,271.15
BATT_EO_001,247,0.913082302753925,0.505625922421348,0.407456380332577,0.341794805627471,2.63980248203793,2.58700643239717,7.44443840226569,6.38425484625726,8.22677643974218,16.00480805,-8.770631168,31.8455489507145,55,34.5049643569932,0.776412494717038,263.15
BATT_EO_001,248,0.919084137630238,0.508046568308989,0.411037569321249,0.244993139119767,2.63718030277915,2.58443669672356,7.51806181812508,6.63434556151889,8.2350678404579,18.6443348881264,-1.911333939,31.8460974903887,55,34.7750776267201,0.775641265523279,271.15
BATT_EO_001,249,0.921913016356803,0.5,0.421913016356803,0.345628239293509,2.63474577984964,2.58205086425265,7.43034039634055,6.37042883858437,8.21323306495203,15.6897905187811,-8.766422048,31.846230849612,55,35.6606085872907,0.774925229367542,263.15
BATT_EO_001,250,0.914254303387807,0.506335509264865,0.407918794122942,0.24540230840964,2.63213919154811,2.57949640771715,7.51441368967652,6.62912011644075,8.23271365651309,18.7238348677628,-1.902138356,31.846777724134,55,34.445256164988,0.774158585749444,271.15
BATT_EO_001,251,0.920994572772118,0.516453505042713,0.404541067729405,0.343385469215998,2.62961654319999,2.57702421233599,7.47034082253757,6.39990697068433,8.26330762818726,16.1049820897439,-8.748425989,31.846919618908,55,34.1270437769084,0.773416630352938,263.15
BATT_EO_001,252,0.931502427879099,0.514363328194975,0.417139099684124,0.247248844796615,2.62689823077544,2.57436026615993,7.53473187463824,6.6425130521503,8.25862906133368,18.5742427841485,-1.898668484,31.8474847080563,55,35.1546072890658,0.772617126698658,271.15
BATT_EO_001,253,0.92984219443604,0.5,0.42984219443604,0.349520695091841,2.62442187474427,2.57193343724938,7.42895570047742,6.3647815257377,8.21848513958835,15.5192935250643,-8.748151877,31.8476284855385,55,36.1888172281786,0.771888786689491,263.15
BATT_EO_001,254,0.915881418356712,0.5,0.415881418356712,0.247924893023498,2.62181990098652,2.56938350296679,7.50158412135855,6.61274499264659,8.21981462080097,18.6151837773236,-1.890275105,31.8481787296733,55,34.9798868016722,0.771123500290154,271.15
BATT_EO_001,255,0.916292986802011,0.5,0.416292986802011,0.34778064650318,2.61937616764932,2.56698864429633,7.43184919050354,6.36229849870612,8.22107030673551,15.8826003454828,-8.732697836,31.8483156914826,55,34.9807877529892,0.770404755190976,263.15
BATT_EO_001,256,0.916681295465008,0.509541207863042,0.407140087601966,0.24761759138563,2.61671858294926,2.56438421129028,7.52405168604796,6.62930913257616,8.24991626213381,18.8098182845805,-1.878231169,31.8488720990292,55,34.1788308204313,0.769623112632137,271.15
BATT_EO_001,257,0.926637495362468,0.504214793108764,0.422422702253705,0.35013854795096,2.61421531346814,2.56193100719878,7.44084511722788,6.36754367206488,8.23583439708085,15.7505455419892,-8.724600819,31.849019938584,55,35.4264498083261,0.768886856902395,263.15
BATT_EO_001,258,0.921714394495757,0.5,0.421714394495757,0.250200427564917,2.61157531791066,2.55934381155245,7.50319078778621,6.60864033566949,8.22508877913206,18.545510036126,-1.877228121,31.8495787849218,55,35.3322883328229,0.768110387620783,271.15
BATT_EO_001,259,0.917923449500362,0.509321576389017,0.408601873111345,0.348663309414171,2.60906284537133,2.5568815884639,7.45383675343028,6.37492080096001,8.25327633493876,16.0741066296348,-8.707904253,31.8497256489221,55,34.2003112743808,0.767371425109215,263.15
BATT_EO_001,260,0.927640378377413,0.508545967551794,0.419094410825619,0.250888890576977,2.60635122042272,2.55422419601427,7.52216793774218,6.62312021812394,8.25244624346154,18.5863700957086,-1.868174347,31.8502945615513,55,35.043370502851,0.766573888359623,271.15
BATT_EO_001,261,0.927299321429625,0.5,0.427299321429625,0.353375485302449,2.60384773457703,2.55177077988549,7.4306816632939,6.35371736263723,8.22910264809133,15.6688118071595,-8.704957036,31.8504464539745,55,35.6933641407222,0.765837568993244,263.15
BATT_EO_001,262,0.919162305680994,0.5,0.419162305680994,0.251581266750797,2.60119852584119,2.54917455532436,7.50381826300532,6.60456613617358,8.23048244436492,18.627308077139,-1.860213626,31.8510080649897,55,34.9792526830719,0.76505838995329,271.15
BATT_EO_001,263,0.919587973671695,0.5,0.419587973671695,0.352727912425862,2.59870955129181,2.54673536026598,7.43319465345852,6.35106129788262,8.23178613721302,15.8984248436169,-8.691289575,31.8511571360851,55,34.9801747874373,0.764326338615239,263.15
BATT_EO_001,264,0.919989735964145,0.5,0.419989735964145,0.252502121364472,2.59604816252636,2.54412719927583,7.50438422519319,6.60250706903227,8.23317896537374,18.6303620954452,-1.852645209,31.8517216101957,55,34.9790886292002,0.763543577213634,271.15
BATT_EO_001,265,0.920419048687644,0.505270887385773,0.415148161301871,0.353190081349687,2.59352097632052,2.54165055679411,7.4450776066829,6.35850224562314,8.2497191395688,15.9938437795564,-8.678574334,31.8518760559306,55,34.5414905490103,0.762800287153094,263.15
BATT_EO_001,266,0.926095437144397,0.510887394822469,0.415208042321928,0.252713285096726,2.59077279317833,2.53895733731476,7.53032054252005,6.62152071629098,8.26749322455494,18.7479103099621,-1.842332864,31.8524521661619,55,34.5116097722928,0.761991997993627,271.15
BATT_EO_001,267,0.932152332620055,0.500190859621802,0.431961472998253,0.357530647506575,2.5882243903271,2.53645990252056,7.43206790240922,6.34549488288665,8.23785202083859,15.6364412863322,-8.674124464,31.8526156186128,55,35.8668885941496,0.761242467743264,263.15
BATT_EO_001,268,0.921879071165151,0.5,0.421879071165151,0.254391023528518,2.58553696631494,2.53382622698864,7.50572110954418,6.5982817621343,8.23872274190201,18.6366222761291,-1.837207876,31.8531865256958,55,34.9945587251581,0.760452048916157,271.15
BATT_EO_001,269,0.922125375925661,0.5,0.422125375925661,0.356527007417211,2.58301203884828,2.53135179807131,7.43424534807432,6.34243847674088,8.24006483272366,15.9105800855085,-8.659512831,31.8533452369874,55,34.9796854190627,0.75970942319067,263.15
BATT_EO_001,270,0.922537869180411,0.5,0.422537869180411,0.255334758277851,2.5803124646468,2.52870621535386,7.50613352415548,6.59617512150819,8.24149867396744,18.6397578400252,-1.829370432,31.8539190165039,55,34.9785728899432,0.758915430778469,271.15
BATT_EO_001,271,0.922978633704521,0.5,0.422978633704521,0.357802459998069,2.57777522933979,2.52621972475299,7.43460151423051,6.33954482403511,8.24285396271091,15.9146615568384,-8.648848727,31.8540810285916,55,34.9795174059306,0.758169185099938,263.15
BATT_EO_001,272,0.92339480932097,0.5,0.42339480932097,0.256286294417637,2.57506258375599,2.52356133208087,7.50672397953418,6.59404875655059,8.2443019008091,18.6429144913935,-1.821554158,31.8546580048675,55,34.9783958111832,0.757371348163527,271.15
BATT_EO_001,273,0.923839503509267,0.5,0.423839503509267,0.359088235756658,2.57251281945595,2.52106256306683,7.43496230863382,6.33662838380029,8.24567065310248,15.9187763922983,-8.638100421,31.8548233818212,55,34.9793461122836,0.756621417487045,263.15
BATT_EO_001,274,0.924259432465391,0.5,0.424259432465391,0.257245811137392,2.5697868679628,2.51839113060354,7.50732083320757,6.59190489089544,8.2471329718932,18.6460978437414,-1.813673428,31.8554036182966,55,34.9782152672884,0.755819667047882,271.15
BATT_EO_001,275,0.924708132053815,0.5,0.424708132053815,0.360384528084857,2.56722434817758,2.51587986121402,7.43532783108205,6.33368873182128,8.24851546106867,15.9229252191206,-8.627266344,31.8555724234703,55,34.9791714461968,0.755065984758111,263.15
BATT_EO_001,276,0.925131887308989,0.499999999999994,0.425131887308995,0.258213459741111,2.56448485057556,2.51319515356405,7.50792421801568,6.58974319452325,8.24999245260837,18.6493084048049,-1.805727026,31.8561559853635,55,34.9780311613649,0.754260250169282,271.15
BATT_EO_001,277,0.925584670144099,0.5,0.425584670144099,0.361691535629084,2.56190934325294,2.51067115638788,7.43569818442435,6.3307254324423,8.25138895998829,15.9271086814845,-8.616344886,31.8563282838825,55,34.9789933125748,0.753502748015571,263.15
BATT_EO_001,278,0.926012326711643,0.501653877020765,0.424358449690878,0.258945505799634,2.55914762771354,2.50796467515927,7.51259663841658,6.59077150750219,8.25767963742382,18.6904943891175,-1.796987469,31.8569159435403,55,34.842063437002,0.752690478739278,271.15
BATT_EO_001,279,0.928123170215703,0.506493968418633,0.421629201797069,0.362213134412189,2.55651708957981,2.50538674778822,7.45097266560163,6.34035126452182,8.27320714494911,16.0225829685936,-8.603282442,31.8570962155176,55,34.5816898101614,0.751916791052886,263.15
BATT_EO_001,280,0.933397589735896,0.520431386340182,0.412966203395714,0.258424693230714,2.55359994020224,2.5025279413982,7.55666631372889,6.62511846710249,8.31586262560042,18.9244772993752,-1.782739714,31.8577029196392,55,33.835123396767,0.751058805941836,271.15
BATT_EO_001,281,0.947807023995456,0.516578565470793,0.431228458524664,0.365190090755169,2.55082022926319,2.49980382467793,7.47480821697149,6.35657754818621,8.30599498425976,15.8452691583943,-8.595161432,31.8579092615075,55,35.2915179968714,0.750241243900939,263.15
BATT_EO_001,282,0.94442373749114,0.530423517318181,0.414000220172959,0.25947848931844,2.54776279277065,2.49680753691524,7.58126889280424,6.64228174727419,8.34901911639608,18.9279229789655,-1.774111256,31.8585370022778,55,33.8437653781895,0.749341997873721,271.15
BATT_EO_001,283,0.958763963183188,0.530870585365943,0.427893377817245,0.365865863204683,2.54480800346453,2.49391184339524,7.50949680534392,6.38124964783754,8.35204628302013,15.9404848191723,-8.581272718,31.858768781346,55,34.9380093436357,0.74847294219545,263.15
BATT_EO_001,284,0.959707178781986,0.527167417071971,0.432539761710015,0.262859976766733,2.54168319715244,2.49084953320939,7.57466994193692,6.6331234565011,8.34268672145626,18.5876890329992,-1.773076229,31.859415807654,55,35.2750216434432,0.747553881515423,271.15
BATT_EO_001,285,0.95653422287066,0.53876623177651,0.417767991094151,0.365336008016512,2.53864753865081,2.48787458787779,7.5292308760978,6.39357647318472,8.37948929352698,16.1745014376864,-8.563714643,31.8596560003959,55,34.0299969233164,0.746661040779649,263.15
BATT_EO_001,286,0.968629588504839,0.533161161503982,0.435468427000856,0.264258520304412,2.5354015684434,2.48469353707454,7.58988835847239,6.64227028020685,8.36434380993166,18.5540515758728,-1.764318678,31.8603236805793,55,35.4272737024687,0.745706343659825,271.15
BATT_EO_001,287,0.96358106790618,0.545588288477372,0.417992779428807,0.366489018319529,2.53224036356043,2.48159555628922,7.54769922629538,6.40349353406187,8.4,16.2257834841448,-8.550127438,31.8605832928316,55,33.963774919028,0.744776577517774,263.15
BATT_EO_001,288,0.976525298055646,0.551256449110008,0.425268848945638,0.263984793634322,2.52873159335842,2.47815696149125,7.63454955843747,6.67549438408903,8.4,18.7850933001692,-1.749614678,31.8612846288964,55,34.5096726213735,0.743744586281887,271.15
BATT_EO_001,289,0.982778897853374,0.541348629551152,0.441430268302222,0.37263678666948,2.52548822823255,2.4749784636679,7.53569330061462,6.39081677567442,8.39502915129694,15.7310945127084,-8.544867091,31.8615722781237,55,35.7724075187542,0.742790655362515,263.15
BATT_EO_001,290,0.973441612512149,0.546520358597904,0.426921253914246,0.265501932594842,2.52203421438826,2.4715935301005,7.6226276895429,6.66325911631541,8.4,18.7511256930702,-1.73947761,31.8622687965953,55,34.5515519337223,0.741774768937724,271.15
BATT_EO_001,291,0.979193909484543,0.557585433965934,0.421608475518609,0.370288308650702,2.51860552354401,2.46823341307313,7.57690541440941,6.41964570660365,8.4,16.1901761071802,-8.5225255,31.8625492567545,54.8949735511358,34.0759321219182,0.740766330454122,263.15
BATT_EO_001,292,0.99,0.555105912623911,0.434894087376089,0.267570267194526,2.51489841559882,2.46460044728684,7.64536852025891,6.67728759882658,8.4,18.6418124113319,-1.731586547,31.8633131940358,55,35.0994412940561,0.739676004587887,271.15
BATT_EO_001,293,0.988986719887433,0.547066073319723,0.441920646567709,0.375778052030207,2.51150339993192,2.46127333193328,7.55100553744614,6.39420665113689,8.4,15.7871104722917,-8.514874233,31.8636283478736,55,35.615674320967,0.738677470568211,263.15
BATT_EO_001,294,0.981547916460636,0.567704751689229,0.413843164771407,0.266034782806643,2.50790531469121,2.45774720839738,7.66265936613935,6.69989864916298,8.4,18.8483109905305,-1.70969858,31.8640023132202,53.3822826243061,33.3070871302703,0.737619210203296,271.15
BATT_EO_001,295,0.99,0.550016961432074,0.439983038567926,0.377175996721397,2.50444183728974,2.45435300054395,7.55777978299748,6.39607737496835,8.4,15.8376402967831,-8.498894105,31.8646748121496,55,35.3608011328682,0.736600540379335,263.15
BATT_EO_001,296,0.985714286153117,0.57321526609845,0.412499020054667,0.267097255751319,2.50083799526914,2.45082123536376,7.6691690690333,6.70804493845664,8.4,18.7664784336284,-1.697148487,31.8648276059707,52.5370553256899,33.105203086413,0.735540586843865,271.15
BATT_EO_001,297,0.99,0.564318671803624,0.425681328196376,0.375688424269415,2.49736341608118,2.44741614775956,7.5828290390822,6.42084788095874,8.4,15.9697700843505,-8.477586826,31.8653730713434,53.5844225230472,34.1150280176932,0.734518651788584,263.15
BATT_EO_001,298,0.99,0.551559687627769,0.438440312372231,0.271624302664519,2.49362575492624,2.44375323982771,7.63930720922553,6.66119548089829,8.4,18.6552844119259,-1.698317247,31.8664830862854,55,35.0870231425909,0.733419339684188,271.15
BATT_EO_001,299,0.989136740365041,0.549196727317773,0.439940013047268,0.380045357093586,2.49012796497341,2.44032540567394,7.55877396076701,6.38620331740483,8.4,15.9393804553519,-8.467418992,31.8668187826313,55,35.1560028792996,0.732390577933356,263.15
BATT_EO_001,300,0.987391919072195,0.545794801643804,0.441597117428392,0.273264799150156,2.48646007037957,2.43673086897198,7.62633339598098,6.64663009972277,8.4,18.6223821627615,-1.687669271,31.8675664200861,55,35.2374226794813,0.731311785405755,271.15
BATT_EO_001,301,0.984640535305792,0.540601928895252,0.44403860641054,0.382702593805164,2.48307658595843,2.43341505423926,7.53700234352231,6.36496477107994,8.4,15.8554761523786,-8.45302581,31.8678900210349,55,35.3818433799346,0.730316642928951,263.15
BATT_EO_001,302,0.980054427061629,0.503976058278274,0.476078368783355,0.278349213116392,2.47983594963263,2.43023923063998,7.53035198039142,6.56154553727597,8.30940529672662,18.0445333135466,-1.686350819,31.8685935410501,55,37.8816057887855,0.729363514597832,271.15
BATT_EO_001,303,0.944054872850054,0.502866555219896,0.441188317630158,0.383569204554129,2.47699327371039,2.42745340823618,7.44764387292394,6.28765194696831,8.30780529627776,15.9507206517116,-8.437686214,31.8688349530954,55,35.0634121626402,0.728527433444231,263.15
BATT_EO_001,304,0.943451188003289,0.504989292377066,0.438461895626222,0.27500914801755,2.4739466577121,2.42446772455786,7.53039070968382,6.56135109349443,8.31588765747316,18.7437358763379,-1.66499962,31.8694899350141,55,34.8055524983106,0.727631369915323,271.15
BATT_EO_001,305,0.946112192250813,0.5,0.446112192250813,0.385922622636553,2.47110103828606,2.42167901752034,7.4406447450634,6.27858931929095,8.30282837171911,15.8658636505418,-8.426233019,31.8697353297954,55,35.3703886568187,0.726794423025312,263.15
BATT_EO_001,306,0.941636094916757,0.507899532026764,0.433736562889993,0.275368853239006,2.46802698062113,2.41866644100871,7.53819746821774,6.56450148388627,8.328062301,18.8617713586783,-1.653083282,31.8703939935821,55,34.3486390869453,0.725890288417979,271.15
BATT_EO_001,307,0.950074484039225,0.510684523778548,0.439389960260677,0.385829098443806,2.46507061490983,2.41576920261163,7.46783006175285,6.29585537167812,8.33814989837874,16.0510910439501,-8.410506696,31.870655083723,55,34.7538798315814,0.725020769091126,263.15
BATT_EO_001,308,0.953385559437384,0.522112259521819,0.431273299915565,0.276286622575521,2.46180216685241,2.41256612351536,7.57144457948877,6.58950945986407,8.37453998144509,18.9040783687305,-1.641689558,31.8713429520394,55,34.0696180992339,0.724059460838944,271.15
BATT_EO_001,309,0.965382459819088,0.533428738093093,0.431953721725995,0.385760034839849,2.45853327400068,2.40936260852067,7.52382718888985,6.33667146839567,8.4,16.2392229351271,-8.393250016,31.871648709311,55,34.078755808517,0.723098021764906,263.15
BATT_EO_001,310,0.977267961621841,0.524787227368853,0.452480734252988,0.279929050126027,2.45507161624046,2.40597018391565,7.58101779320069,6.59153513547369,8.38680644560321,18.5683259185782,-1.639154479,31.8723805235547,55,35.6483201862389,0.722079887129547,271.15
BATT_EO_001,311,0.969264911980105,0.512332261293236,0.45693265068687,0.392126826801405,2.45197244294499,2.40293299408609,7.47183984201941,6.29104375362685,8.35103525678479,15.7486347373165,-8.387004886,31.8726775549612,55,35.9504617541253,0.721168365572055,263.15
BATT_EO_001,312,0.957389968845298,0.502516051537493,0.454873917307805,0.281458730970424,2.44880741767851,2.39983126932494,7.52797427438613,6.54546090226221,8.32363569423099,18.5355575702155,-1.629110676,31.8733653604331,55,35.7425692,0.720237475787796,271.15
BATT_EO_001,313,0.948159938246807,0.503616232525604,0.444543705721203,0.39131604301241,2.44586410302355,2.39694682096308,7.45210256454252,6.27072144412369,8.32870023636419,16.0220465241143,-8.368979215,31.8736331027644,55,34.8876666970442,0.719371795006926,263.15
BATT_EO_001,314,0.949794386659345,0.524853611269176,0.42494077539017,0.278666468045027,2.44252764284095,2.39367708998413,7.5811557970909,6.58659057481104,8.39480303127274,19.1102545095046,-1.605696549,31.8743330432358,55,33.3079416295364,0.718390483188516,271.15
BATT_EO_001,315,0.971607175530948,0.537120503013205,0.434486672517743,0.390406112522822,2.43911239787816,2.3903301499206,7.53580610004022,6.3324168726905,8.4,16.3014303991701,-8.350386362,31.8746684514343,55,34.0097139690962,0.71738599937593,263.15
BATT_EO_001,316,0.984474885787653,0.543587059116354,0.440887826671299,0.281982865897201,2.435335214,2.38662850977782,7.62596377371305,6.62009301453056,8.4,18.8202546996237,-1.601651011,31.875411009213,54.8008373353758,34.4599679942499,0.71627506295853,271.15
BATT_EO_001,317,0.990000000000003,0.540577178501325,0.449422821498678,0.39538239470106,2.43172928290422,2.38309469724613,7.5418329549079,6.33456417199702,8.4,15.9886747097199,-8.339501839,31.8758267916275,55,35.0737471297057,0.715214494971829,263.15
BATT_EO_001,318,0.989277545816035,0.53481399582366,0.454463549992375,0.285041866792664,2.42797065397209,2.37941124089265,7.60784917635199,6.59931639623274,8.4,18.6234971627126,-1.594284264,31.8766154319772,55,35.4129100889019,0.714109015874145,271.15
BATT_EO_001,319,0.984218395103093,0.52324211430242,0.460976280800672,0.399412188339613,2.42459181567829,2.37609997936472,7.49946061710513,6.29593504311494,8.4,15.7723135019115,-8.326347849,31.8769695732226,55,35.866966911514,0.713115239905379,263.15
BATT_EO_001,320,0.973294047814431,0.53297484549268,0.440319202321751,0.284606948784318,2.42094994113771,2.37253094231496,7.60288814738542,6.59276637538753,8.4,18.8922822161962,-1.576518296,31.8777311002929,55,34.2114410989951,0.712044100334622,271.15
BATT_EO_001,321,0.983681908927858,0.514140079115501,0.469541829812357,0.402510823958813,2.41764595460044,2.36929303550843,7.47847743876391,6.27385143739361,8.37786249640089,15.6468591452249,-8.312541231,31.8780811644485,55,36.4277221896702,0.711072339588365,263.15
BATT_EO_001,322,0.965496862171268,0.502498259428125,0.462998602743143,0.288625932400407,2.41433952611493,2.36605273559263,7.53225644301521,6.5300802965228,8.34487043923101,18.5218995026107,-1.573229002,31.8788061024311,55,35.8708406406855,0.710099860622039,271.15
BATT_EO_001,323,0.954488495923257,0.500133371018499,0.454355124904758,0.401000499717944,2.41130261437956,2.36307656209197,7.44782178709179,6.24307928095334,8.33971110653637,16.0067161159777,-8.293222432,31.8791047229487,55,35.1552165071161,0.709206651288107,263.15
BATT_EO_001,324,0.95269538070624,0.5,0.45269538070624,0.288357326830068,2.40807184157808,2.35991040474652,7.52759529919646,6.52256902617387,8.34134482906328,18.7494356008547,-1.558789051,31.8798133255827,55,34.9814279476489,0.708256423993552,271.15
BATT_EO_001,325,0.953167136386631,0.500859435717996,0.452307700668635,0.402277028478059,2.4050175532903,2.3569172022245,7.44936330145383,6.24069888463941,8.34584898590826,16.0572032645884,-8.277982877,31.880115639512,55,34.9059937014118,0.707358103908912,263.15
BATT_EO_001,326,0.954600070988776,0.511298673894704,0.443301397094072,0.288276498039704,2.40166012339154,2.35362692092371,7.55502571433057,6.54168739367686,8.37944585366117,18.9435078030329,-1.543925186,31.8808409692373,55,34.1661630542688,0.706370624526923,271.15
BATT_EO_001,327,0.965655099070479,0.514314666203649,0.45134043286683,0.403608394201801,2.39840014025637,2.35043213745125,7.4822486226345,6.26278037810572,8.3907183093398,16.1080030882974,-8.262557353,31.8811777139339,55,34.737873748515,0.705411805957757,263.15
BATT_EO_001,328,0.96928237491588,0.508430210028317,0.460852164887563,0.291807332846113,2.39496091529612,2.34706169699019,7.54913812204681,6.53285633508053,8.37506671822427,18.6461219032091,-1.539111031,31.8819288493406,55,35.419931616093,0.70440026920474,271.15
BATT_EO_001,329,0.964058638584001,0.524066585591308,0.439992052992693,0.402743371774361,2.39157690024067,2.34374536223585,7.50835126001068,6.2779016114918,8.4,16.3881265040451,-8.242323816,31.8822801027425,55,33.7700963503526,0.70340497065902,263.15
BATT_EO_001,330,0.980309565193332,0.530999305448603,0.449310259744729,0.291615448236271,2.38778355456775,2.34002788347639,7.60343555205161,6.57383614802824,8.4,18.8763929632993,-1.522635288,31.8830821824118,55,34.4337937530935,0.70228928075522,271.15
BATT_EO_001,331,0.987948684545201,0.539426265266552,0.448522419278649,0.40611696617764,2.38415305936421,2.33646999817692,7.53708452594991,6.30336187874531,8.4,16.1095897167761,-8.228606512,31.8832872483675,54.1503381804178,34.3198605081756,0.701221488048297,263.15
BATT_EO_001,332,0.990000000000004,0.546429741253843,0.443570258746161,0.29231783079422,2.38032204426799,2.33271560338263,7.62538265934551,6.60092649395996,8.4,18.7504130657737,-1.506814212,31.8839236534271,53.2227568351448,33.8875039618047,0.700094718902351,271.15
BATT_EO_001,333,0.99,0.501892905353808,0.488107094646192,0.415571382426689,2.37696748886722,2.32942813908988,7.45179112674531,6.22534893669861,8.36590798512659,15.4673370792556,-8.223574157,31.8842665293309,55,37.237901105139,0.699108084960949,263.15
